證券代號,證券名稱,成交股數,成交金額,開盤價,最高價,最低價,收盤價,漲跌價差,成交筆數
"0050","元大台灣50","7,556,661","622,421,135","82.90","82.90","82.00","82.55"," 0.00","4,044"
"0051","元大中型100","12,200","396,196","32.42","32.53","32.37","32.53","+0.36","9"
"0052","富邦科技","150,933","9,503,370","63.75","63.75","62.20","63.10","-0.65","45"
"0053","元大電子","30,000","1,136,150","37.97","38.00","37.69","38.00"," 0.00","18"
"0054","元大台商50","9,000","197,860","21.90","22.00","21.90","22.00","+0.30","4"
"0055","元大MSCI金融","109,050","1,801,427","16.50","16.62","16.48","16.56","+0.18","32"
"0056","元大高股息","17,832,362","479,504,766","26.90","26.99","26.75","26.91","+0.12","7,045"
"0057","富邦摩台","25,000","1,352,000","54.00","54.10","54.00","54.00"," 0.00","7"
"0061","元大寶滬深","395,467","6,771,890","17.20","17.24","16.99","17.15","-0.04","189"
"006203","元大MSCI台灣","4,000","154,320","38.61","38.61","38.55","38.58","-0.05","4"
"006204","永豐臺灣加權","2,000","105,000","52.40","52.60","52.40","52.60","-0.05","2"
"006205","富邦上証","1,760,409","50,566,008","28.75","28.80","28.27","28.76","+0.01","212"
"006206","元大上證50","272,300","8,188,846","30.20","30.26","29.79","30.23","+0.06","72"
"006207","FH滬深","903,120","20,080,024","22.24","22.45","21.95","22.36","+0.04","118"
"006208","富邦台50","869,510","40,985,087","47.45","47.51","46.97","47.23","-0.08","388"
"00625K","富邦上証+R","70,000","477,870","6.79","6.85","6.75","6.85","+0.03","12"
"00631L","元大台灣50正2","10,083,624","418,311,922","41.80","41.82","41.06","41.82","+0.25","2,808"
"00632R","元大台灣50反1","178,039,494","1,897,940,144","10.60","10.73","10.60","10.62","-0.03","9,589"
"00633L","富邦上証正2","19,712,500","795,983,039","40.33","40.91","39.31","40.83","+0.73","2,897"
"00634R","富邦上証反1","1,798,000","10,541,510","5.87","5.93","5.83","5.85","-0.02","278"
"00635U","元大S&P黃金","1,993,482","48,445,776","24.43","24.43","24.21","24.24","-0.46","811"
"00636","國泰中國A50","2,534,681","50,712,876","19.98","20.14","19.76","20.10","+0.13","419"
"00636K","國泰中國A50+U","100","656","6.56","6.56","6.56","6.56","-0.11","1"
"00637L","元大滬深300正2","117,151,670","1,822,738,940","15.55","15.78","15.20","15.75","+0.28","9,537"
"00638R","元大滬深300反1","1,079,000","12,733,290","11.82","11.95","11.73","11.73","-0.15","323"
"00639","富邦深100","2,661,560","29,182,287","10.91","11.07","10.74","11.01","+0.06","301"
"00640L","富邦日本正2","1,093,000","17,273,470","15.77","15.90","15.68","15.89","+0.04","162"
"00641R","富邦日本反1","610,000","9,341,610","15.30","15.40","15.27","15.27","-0.03","126"
"00642U","元大S&P石油","44,792,534","346,911,108","7.75","7.78","7.71","7.75","-0.13","9,976"
"00643","群益深証中小","1,736,349","22,798,988","13.20","13.29","12.82","13.26","+0.08","548"
"00643K","群益深証中小+R","0","0","0.00","0.00","0.00","0.00"," 0.00","0"
"00645","富邦日本","77,526","1,457,423","18.78","18.87","18.73","18.87","+0.02","17"
"00646","元大S&P500","601,125","15,803,805","26.43","26.43","26.25","26.30","+0.01","273"
"00647L","元大S&P500正2","1,065,000","32,714,820","31.00","31.00","30.51","30.78","+0.04","332"
"00648R","元大S&P500反1","1,406,000","16,259,020","11.52","11.60","11.52","11.57","-0.02","275"
"00650L","FH香港正2","540,000","11,853,260","22.08","22.21","21.66","22.07","+0.21","97"
"00651R","FH香港反1","772,000","6,878,440","8.93","8.99","8.88","8.89","-0.06","76"
"00652","富邦印度","520,200","8,924,832","17.30","17.30","17.06","17.10","-0.16","181"
"00653L","富邦印度正2","6,409,037","102,565,680","16.16","16.18","15.82","15.94","-0.16","1,177"
"00654R","富邦印度反1","308,000","4,943,960","16.00","16.14","15.97","16.03","+0.02","86"
"00655L","國泰中國A50正2","7,668,594","224,815,559","29.13","29.77","28.58","29.68","+0.51","1,401"
"00656R","國泰中國A50反1","317,000","3,380,620","10.74","10.84","10.63","10.65","-0.11","52"
"00657","國泰日經225","186,051","4,580,401","24.61","24.70","24.60","24.70","+0.09","11"
"00657K","國泰日經225+U","100","819","8.19","8.19","8.19","8.19","-0.01","1"
"00660","元大歐洲50","143,000","2,901,510","20.32","20.32","20.26","20.30","+0.03","53"
"00661","元大日經225","1,000","24,920","24.92","24.92","24.92","24.92","X0.00","1"
"00662","富邦NASDAQ","385,213","13,148,801","34.25","34.25","34.04","34.22","-0.14","152"
"00663L","國泰臺灣加權正2","401,000","14,795,170","37.16","37.24","36.58","37.24","+0.15","60"
"00664R","國泰臺灣加權反1","3,498,000","42,408,520","12.07","12.19","12.07","12.07","-0.03","353"
"00665L","富邦恒生國企正2","85,000","1,797,470","20.97","21.33","20.76","21.33","+0.36","36"
"00666R","富邦恒生國企反1","134,000","1,821,130","13.55","13.62","13.54","13.62","-0.12","10"
"00668","國泰美國道瓊","180,873","4,731,587","26.33","26.33","26.12","26.16","+0.01","94"
"00668K","國泰美國道瓊+U","100","868","8.68","8.68","8.68","8.68","+0.02","1"
"00669R","國泰美國道瓊反1","8,685,000","109,137,350","12.50","12.61","12.50","12.56","-0.02","887"
"00670L","富邦NASDAQ正2","1,547,000","62,686,110","40.83","40.83","40.22","40.65","-0.55","566"
"00671R","富邦NASDAQ反1","1,762,000","17,622,640","9.95","10.04","9.95","9.98","+0.06","255"
"00672L","元大S&P原油正2","61,510,901","133,851,002","2.12","2.22","2.12","2.22","-0.09","4,093"
"00673R","元大S&P原油反1","5,359,000","259,228,130","48.71","49.00","47.80","48.25","+0.10","1,819"
"00674R","元大S&P黃金反1","1,158,000","16,528,930","14.18","14.34","14.18","14.33","+0.27","278"
"00675L","富邦臺灣加權正2","935,000","15,078,120","16.26","16.27","15.95","16.25","+0.05","306"
"00676R","富邦臺灣加權反1","3,229,000","21,178,940","6.53","6.59","6.53","6.54"," 0.00","359"
"00677U","富邦VIX","218,514,801","1,543,990,377","6.99","7.14","6.97","7.04","-0.30","20,007"
"00678","群益NBI生技","491,120","12,081,755","24.66","24.71","24.52","24.71"," 0.00","88"
"00680L","元大美債20正2","81,000","2,729,850","33.56","33.82","33.53","33.70","-0.80","54"
"00681R","元大美債20反1","116,000","1,452,250","12.53","12.53","12.49","12.52","+0.15","16"
"00682U","元大美元指數","1,000","19,950","19.95","19.95","19.95","19.95","+0.07","1"
"00683L","元大美元指數正2","18,000","367,940","20.44","20.46","20.44","20.44","+0.05","5"
"00684R","元大美元指數反1","1,000","17,910","17.91","17.91","17.91","17.91","-0.10","1"
"00685L","群益臺灣加權正2","41,000","579,040","14.35","14.35","14.00","14.20","-0.01","8"
"00686R","群益臺灣加權反1","524,000","3,742,910","7.13","7.19","7.12","7.13","-0.02","40"
"00688L","國泰20年美債正2","101,000","3,466,100","34.10","34.32","34.10","34.32","-0.80","3"
"00689R","國泰20年美債反1","156,000","1,996,730","12.82","12.83","12.78","12.79","+0.12","10"
"00690","兆豐藍籌30","193,812","4,083,984","21.08","21.12","21.00","21.10","+0.06","40"
"00691R","兆豐藍籌30反1","0","0","0.00","0.00","0.00","0.00"," 0.00","0"
"00692","富邦公司治理","2,028,424","43,068,227","21.36","21.36","21.13","21.30"," 0.00","697"
"00693U","街口S&P黃豆","6,488,999","91,369,215","14.10","14.23","14.01","14.01","-0.23","1,454"
"00700","富邦恒生國企","125,239","2,325,675","18.59","18.61","18.52","18.60","+0.08","11"
"00701","國泰股利精選30","1,763,731","34,446,631","19.57","19.59","19.46","19.59","+0.14","766"
"00702","國泰標普低波高息","60,000","959,940","16.00","16.02","15.96","16.02","+0.23","26"
"00703","台新MSCI中國","113,000","2,280,500","20.13","20.21","19.98","20.21","+0.10","22"
"00706L","元大S&P日圓正2","186,000","3,247,180","17.49","17.49","17.45","17.45","-0.03","20"
"00707R","元大S&P日圓反1","2,000","39,010","19.48","19.53","19.48","19.53","-0.05","2"
"00708L","元大S&P黃金正2","8,267,140","227,028,044","27.75","27.75","27.23","27.29","-1.10","2,284"
"00709","富邦歐洲","113,300","1,937,223","17.10","17.10","17.07","17.07"," 0.00","11"
"00710B","FH彭博高收益債","135,000","2,475,370","18.20","18.37","18.20","18.32","+0.01","57"
"00711B","FH彭博新興債","103,000","2,058,890","19.91","19.99","19.91","19.99","-0.08","5"
"00712","FH富時不動產","2,361,110","21,266,730","9.01","9.06","8.98","9.00","+0.10","632"
"00713","元大台灣高息低波","69,016","2,049,238","29.54","29.91","29.54","29.75","+0.23","48"
"00714","群益道瓊美國地產","81,000","1,424,700","17.64","17.64","17.55","17.61","+0.35","20"
"00715L","街口布蘭特油正2","21,800,999","90,987,775","4.00","4.25","4.00","4.23","-0.25","1,848"
"00717","富邦美國特別股","1,020,833","16,687,968","16.40","16.42","16.32","16.34","-0.04","247"
"00728","第一金工業30","522,213","9,258,317","17.70","17.83","17.65","17.83","+0.11","69"
"00730","富邦臺灣優質高息","508,084","8,153,803","16.07","16.12","15.95","16.11","+0.06","149"
"00731","FH富時高息低波","10,000","428,770","42.95","42.95","42.79","42.90","+0.24","7"
"00732","國泰RMB短期報酬","100,000","3,815,000","38.15","38.15","38.15","38.15","-0.07","2"
"00733","富邦臺灣中小","247,761","4,779,421","19.00","19.41","18.97","19.39","+0.41","29"
"00735","國泰臺韓科技","295,000","5,581,840","18.93","18.96","18.87","18.96","+0.01","27"
"00736","國泰新興市場","147,000","2,449,170","16.71","16.71","16.61","16.66","-0.09","8"
"00737","國泰AI+Robo","1,367,596","27,467,782","20.13","20.17","20.04","20.12","+0.26","231"
"00738U","元大道瓊白銀","1,716,189","28,790,655","16.94","16.94","16.70","16.75","-0.34","532"
"00739","元大MSCI A股","628,097","12,788,673","20.49","20.51","20.08","20.51","+0.03","97"
"00742","新光內需收益","100,000","1,975,000","19.75","19.75","19.75","19.75","+0.12","2"
"00743","國泰中國A150","32,913","656,635","20.01","20.14","19.65","20.08","-0.02","12"
"00752","中信中國50","632,857","14,591,295","23.13","23.14","22.93","23.11","+0.10","344"
"00753L","中信中國50正2","737,000","16,752,610","22.83","22.95","22.42","22.90","+0.09","158"
"00757","統一FANG+","278,000","7,192,490","25.80","26.00","25.80","25.85","-0.09","36"
"00762","元大全球AI","158,000","3,910,320","24.83","24.83","24.69","24.82","+0.06","97"
"00763U","街口道瓊銅","73,000","1,170,810","16.18","16.18","15.99","16.07","-0.20","23"
"00766L","台新MSCI中國正2","290,000","2,577,960","8.86","8.96","8.75","8.93","+0.08","49"
"00767","FH美國金融股","0","0","0.00","0.00","0.00","0.00"," 0.00","0"
"00770","國泰北美科技","30,000","720,630","24.10","24.10","23.96","23.99","-0.22","14"
"00771","元大US高息特別股","63,537","1,170,840","18.47","18.47","18.40","18.41","+0.05","34"
"00774B","新光中國政金綠債","2,000","80,400","40.20","40.20","40.20","40.20","-0.10","2"
"00774C","新光中政金綠債+R","0","0","0.00","0.00","0.00","0.00"," 0.00","0"
"00775B","新光投等債15+","2,000","90,320","45.16","45.16","45.16","45.16","-0.28","2"
"00776","新光ICE美國權值","100,000","2,034,000","20.34","20.34","20.34","20.34","+0.08","2"
"00783","富邦中証500","1,349,194","23,933,933","17.88","17.88","17.38","17.75","-0.13","112"
"008201","BP上證50","0","0","0.00","0.00","0.00","0.00"," 0.00","0"
"00830","國泰費城半導體","1,198,259","19,607,715","16.47","16.47","16.32","16.43","+0.02","321"
"00850","元大臺灣ESG永續","1,637,981","33,801,129","20.70","20.71","20.55","20.70","+0.03","788"
"00851","台新全球AI","24,000","498,480","20.75","20.86","20.75","20.86","-0.03","10"
"00852L","國泰美國道瓊正2","16,176,100","175,368,378","10.94","10.94","10.78","10.87","+0.03","1,462"
"00861","元大全球未來通訊","4,275,850","84,747,289","19.95","19.95","19.74","19.83","-0.05","1,414"
"00865B","國泰US短期公債","129,000","5,105,770","39.57","39.58","39.56","39.58","-0.03","7"
"00866","新光Shiller CAPE","32,000","558,320","17.48","17.48","17.44","17.44","+0.11","3"
"00875","國泰網路資安","3,942,246","86,267,775","21.89","21.97","21.82","21.90","+0.20","624"
"01001T","土銀富邦R1","13,000","207,850","16.00","16.00","15.97","16.00","+0.02","10"
"01002T","土銀國泰R1","777,000","13,360,430","17.18","17.20","17.09","17.09","-0.06","51"
"01003T","兆豐新光R1","160,000","2,976,040","18.61","18.61","18.60","18.60"," 0.00","15"
"01004T","土銀富邦R2","8,000","112,640","14.08","14.08","14.08","14.08","-0.03","4"
"01007T","兆豐國泰R2","26,000","449,800","17.24","17.40","17.24","17.40","X0.00","12"
"01009T","王道圓滿R1","26,000","244,170","9.39","9.40","9.37","9.37","-0.02","7"
"01010T","京城樂富R1","5,000","49,400","9.88","9.88","9.88","9.88"," 0.00","3"
"020000","富邦特選蘋果N","96,000","478,560","5.00","5.00","4.97","4.99","+0.02","20"
"020002","元富新中國N","0","0","0.00","0.00","0.00","0.00"," 0.00","0"
"020004","兆豐電菁英30N","0","0","0.00","0.00","0.00","0.00"," 0.00","0"
"020006","永昌中小300N","0","0","0.00","0.00","0.00","0.00"," 0.00","0"
"020007","凱基臺灣500N","1,000","19,970","19.97","19.97","19.97","19.97","X0.00","1"
"020008","元大特股高息N","24,000","243,960","10.17","10.18","10.15","10.17","-0.01","8"
"020011","統一微波高息20N","3,000","13,640","4.54","4.55","4.54","4.55","+0.03","3"
"020012","富邦行動通訊N","1,321,000","6,193,680","4.64","4.73","4.63","4.73","+0.12","123"
"020015","統一MSCI美低波N","98,000","1,151,980","11.75","11.79","11.73","11.76","+0.09","17"
"020016","統一MSCI美科技N","111,000","1,278,280","11.55","11.55","11.48","11.53"," 0.00","27"
"02001L","富邦蘋果正二N","66,000","368,190","5.60","5.61","5.55","5.56"," 0.00","7"
"02001R","富邦蘋果反一N","57,000","269,070","4.70","4.73","4.70","4.72","-0.01","10"
"1101","台泥","9,714,821","408,714,019","42.30","42.30","41.85","42.25","+0.25","4,699"
"1101B","台泥乙特","0","0","0.00","0.00","0.00","0.00"," 0.00","0"
"1102","亞泥","6,543,315","275,679,333","42.30","42.40","41.85","42.05","-0.20","2,690"
"1103","嘉泥","768,400","12,652,139","16.50","16.55","16.40","16.50","+0.05","251"
"1104","環泥","113,732","1,957,113","17.25","17.30","17.10","17.25","+0.05","89"
"1108","幸福","79,179","579,463","7.36","7.37","7.25","7.34","-0.02","38"
"1109","信大","135,770","2,306,467","17.00","17.10","16.90","16.95","-0.05","68"
"1110","東泥","23,057","364,544","15.95","15.95","15.75","15.80","-0.20","16"
"1201","味全","1,309,953","27,528,013","21.00","21.10","20.95","21.00","+0.05","507"
"1203","味王","25,610","699,927","27.40","27.40","27.30","27.35","-0.10","37"
"1210","大成","3,884,493","156,973,006","40.05","40.70","39.95","40.70","+0.80","2,201"
"1213","大飲","2,010","11,964","5.95","5.96","5.95","5.96","+0.17","7"
"1215","卜蜂","819,750","51,236,450","62.00","62.90","62.00","62.90","+0.90","624"
"1216","統一","8,062,614","550,589,264","68.00","68.60","67.90","68.30","+0.60","4,081"
"1217","愛之味","9,721,900","70,220,127","7.12","7.35","7.08","7.14","+0.05","1,729"
"1218","泰山","1,286,127","30,337,817","23.40","23.90","23.20","23.50","+0.20","573"
"1219","福壽","42,950","802,213","18.80","18.80","18.50","18.70","-0.10","38"
"1220","台榮","260,009","2,738,146","10.45","10.60","10.45","10.55","+0.10","89"
"1225","福懋油","161,433","6,183,788","38.40","38.60","38.20","38.20","-0.10","105"
"1227","佳格","1,672,484","112,145,888","66.50","67.40","66.40","67.30","+1.40","974"
"1229","聯華","4,985,126","207,942,592","41.40","42.00","41.30","42.00","+0.80","2,664"
"1231","聯華食","253,622","10,377,070","41.00","41.05","40.75","40.90","-0.10","180"
"1232","大統益","22,372","2,599,524","117.00","117.00","116.00","116.00"," 0.00","38"
"1233","天仁","32,214","1,116,056","34.75","34.90","34.30","34.90"," 0.00","32"
"1234","黑松","72,100","2,267,944","31.10","31.80","31.05","31.65","+0.65","56"
"1235","興泰","131,567","3,360,108","25.80","25.80","25.15","25.75","+0.25","48"
"1236","宏亞","58,256","708,676","11.95","12.50","11.95","12.35","+0.45","46"
"1256","鮮活果汁-KY","56,475","10,983,550","193.00","196.00","193.00","196.00","+3.00","75"
"1301","台塑","5,111,272","420,809,476","82.70","82.70","82.00","82.70","+0.70","2,619"
"1303","南亞","9,137,055","549,358,515","60.00","60.60","59.50","60.30","+0.70","5,010"
"1304","台聚","2,032,539","24,294,018","12.15","12.15","11.85","11.95","-0.10","714"
"1305","華夏","2,184,053","36,140,572","16.50","16.65","16.40","16.65","+0.20","682"
"1307","三芳","3,188,657","72,636,098","22.25","23.15","22.25","23.15","+2.10","1,325"
"1308","亞聚","1,948,865","31,624,159","16.40","16.45","16.10","16.20"," 0.00","737"
"1309","台達化","744,875","6,974,045","9.49","9.49","9.30","9.35","-0.08","373"
"1310","台苯","1,726,945","27,621,260","16.05","16.15","15.85","16.10","+0.10","641"
"1312","國喬","3,269,887","47,481,502","14.65","14.70","14.40","14.55"," 0.00","1,017"
"1312A","國喬特","3,000","95,700","31.90","31.90","31.90","31.90","+0.20","2"
"1313","聯成","2,199,045","21,175,588","9.80","9.80","9.51","9.70"," 0.00","713"
"1314","中石化","15,102,916","117,420,208","7.81","7.85","7.71","7.71","-0.06","2,758"
"1315","達新","445,622","21,595,883","48.70","48.85","48.15","48.85","+0.45","287"
"1316","上曜","397,292","4,064,449","10.25","10.40","10.15","10.20"," 0.00","258"
"1319","東陽","1,259,339","43,485,904","34.70","34.80","34.35","34.55","+0.20","790"
"1321","大洋","126,170","3,680,272","29.20","29.35","29.05","29.25","+0.20","59"
"1323","永裕","120,493","3,823,601","31.85","32.00","31.60","31.85","+0.10","87"
"1324","地球","36,623","302,414","8.21","8.30","8.20","8.25","+0.05","21"
"1325","恆大","10,814,266","885,511,052","81.80","84.30","79.80","81.90","+5.20","6,022"
"1326","台化","4,982,731","350,451,766","70.70","70.80","70.10","70.40","+0.20","2,183"
"1337","再生-KY","3,627,391","15,949,485","4.09","4.43","4.09","4.43","+0.40","854"
"1338","廣華-KY","451,156","22,231,132","50.00","50.00","49.00","49.00","+0.10","329"
"1339","昭輝","194,012","7,862,787","40.60","40.75","40.35","40.35","+0.10","161"
"1340","勝悅-KY","278,886","2,600,941","9.34","9.42","9.28","9.39","+0.05","273"
"1341","富林-KY","2,000","119,500","59.50","60.00","59.50","60.00","+0.50","2"
"1402","遠東新","13,861,260","346,753,455","25.10","25.25","24.85","24.90","+0.15","6,461"
"1409","新纖","3,968,632","42,184,359","10.80","10.85","10.50","10.55","-0.10","1,111"
"1410","南染","88,000","2,649,100","30.05","30.30","29.85","30.30","+0.35","35"
"1413","宏洲","54,818","376,305","6.89","6.90","6.84","6.84","+0.02","29"
"1414","東和","148,275","919,386","6.18","6.25","6.16","6.19","+0.05","60"
"1416","廣豐","171,233","1,773,947","10.35","10.50","10.25","10.35"," 0.00","94"
"1417","嘉裕","700,000","5,495,798","7.94","7.94","7.80","7.88","+0.03","203"
"1418","東華","267","1,534","0.00","0.00","0.00","0.00"," 0.00","2"
"1419","新紡","8,002","307,876","38.30","38.50","38.30","38.50","+0.40","8"
"1423","利華","357,999","3,742,588","10.40","10.55","10.35","10.50","+0.10","66"
"1432","大魯閣","59,046","286,950","4.88","4.88","4.85","4.86","-0.04","26"
"1434","福懋","1,773,992","58,161,882","32.50","32.95","32.45","32.90","+0.60","1,075"
"1435","中福","95,004","778,562","8.23","8.24","8.16","8.21"," 0.00","45"
"1436","華友聯","71,614","2,643,802","37.80","37.80","36.75","37.05"," 0.00","60"
"1437","勤益控","182,209","3,712,222","20.40","20.50","20.25","20.40","+0.05","78"
"1438","裕豐","44","457","0.00","0.00","0.00","0.00"," 0.00","1"
"1439","中和","2,792,900","105,166,485","37.15","38.60","37.00","37.70","+0.80","1,741"
"1440","南紡","780,054","6,695,467","8.59","8.68","8.54","8.65","+0.12","445"
"1441","大東","80,199","577,292","7.20","7.23","7.17","7.21","+0.02","43"
"1442","名軒","137,200","2,221,500","16.30","16.30","16.10","16.20"," 0.00","48"
"1443","立益","102,058","884,642","8.64","8.69","8.50","8.50","-0.14","17"
"1444","力麗","1,201,960","8,428,105","7.04","7.10","6.99","7.00"," 0.00","382"
"1445","大宇","232,319","1,818,896","7.84","7.98","7.77","7.83","+0.01","77"
"1446","宏和","120,001","3,283,577","27.70","27.70","27.20","27.40","+0.10","66"
"1447","力鵬","426,406","2,559,456","5.99","6.02","5.97","6.00","+0.03","111"
"1449","佳和","821,248","10,432,797","12.20","13.00","12.20","12.60","+0.40","338"
"1451","年興","176,749","2,767,430","15.60","15.75","15.55","15.65","+0.05","95"
"1452","宏益","120,010","2,039,022","16.95","17.00","16.95","17.00","+0.10","72"
"1453","大將","70,000","487,290","6.95","6.98","6.90","6.95","+0.06","28"
"1454","台富","81,160","632,482","7.85","7.86","7.75","7.78"," 0.00","31"
"1455","集盛","1,940,740","15,127,271","7.92","7.92","7.70","7.70","-0.15","606"
"1456","怡華","36,605","292,306","8.00","8.01","7.88","7.88","-0.13","25"
"1457","宜進","415,902","4,787,264","11.60","11.65","11.45","11.45","-0.05","150"
"1459","聯發","188,278","1,164,660","6.18","6.22","6.12","6.22","+0.08","46"
"1460","宏遠","682,794","4,965,802","7.41","7.43","7.20","7.28","-0.08","282"
"1463","強盛","105,912","1,201,246","11.40","11.40","11.25","11.35"," 0.00","56"
"1464","得力","1,515,296","30,359,956","20.15","20.15","19.90","20.10","+0.30","699"
"1465","偉全","494,350","7,917,632","16.10","16.10","15.90","16.10"," 0.00","275"
"1466","聚隆","111,886","903,126","7.77","8.15","7.77","8.15","+0.42","46"
"1467","南緯","1,044,931","10,340,624","9.92","10.00","9.64","9.91","-0.02","228"
"1468","昶和","14,010","139,237","9.91","10.00","9.90","10.00","+0.05","13"
"1470","大統新創","5","90","0.00","0.00","0.00","0.00"," 0.00","2"
"1471","首利","10,940","21,661","1.92","2.05","1.92","2.05","+0.05","10"
"1472","三洋紡","262,000","3,478,900","13.30","13.60","13.05","13.60","+0.40","111"
"1473","台南","304,353","6,093,165","19.75","20.25","19.75","20.10","+0.45","198"
"1474","弘裕","108,434","984,649","9.11","9.12","9.06","9.12","+0.01","58"
"1475","本盟","169,451","2,303,177","14.10","14.10","12.90","12.95","+0.10","54"
"1476","儒鴻","1,625,676","464,536,188","282.00","292.00","279.50","285.50","+3.00","1,322"
"1477","聚陽","2,358,015","289,422,378","123.00","124.50","120.50","124.00","+2.00","1,755"
"1503","士電","64,274","2,663,393","41.75","41.75","41.30","41.40","-0.35","44"
"1504","東元","2,931,719","78,749,053","26.50","27.05","26.50","26.80","+0.20","1,141"
"1506","正道","340,425","4,924,977","14.75","14.75","14.25","14.50","-0.25","258"
"1507","永大","362,194","20,988,502","59.00","59.90","58.80","59.10","+0.10","61"
"1512","瑞利","54,379","177,334","3.30","3.30","3.22","3.25","-0.05","82"
"1513","中興電","2,257,912","56,298,315","25.00","25.15","24.80","24.95","+0.05","584"
"1514","亞力","1,082,710","20,327,012","18.70","18.90","18.60","18.90","+0.35","405"
"1515","力山","14,544,021","1,002,800,538","69.70","71.50","66.50","68.50","+0.30","9,164"
"1516","川飛","164,242","2,172,367","13.50","13.60","13.00","13.30","-0.30","83"
"1517","利奇","147,511","1,065,112","7.22","7.24","7.17","7.21"," 0.00","62"
"1519","華城","824,100","20,702,775","25.25","25.40","24.80","24.85","+0.10","379"
"1521","大億","25,010","1,407,382","56.20","56.40","56.20","56.40","+0.30","20"
"1522","堤維西","440,199","10,508,576","23.90","24.00","23.75","23.80","+0.05","265"
"1524","耿鼎","484,065","4,096,279","8.38","8.60","8.33","8.55","+0.17","221"
"1525","江申","64,011","2,691,721","42.15","42.40","41.80","42.10","+0.55","56"
"1526","日馳","408,033","7,559,361","18.40","18.75","18.10","18.75","+0.40","247"
"1527","鑽全","352,392","14,556,827","41.80","41.80","41.10","41.30","+0.30","292"
"1528","恩德","497,821","3,922,828","7.88","7.88","7.88","7.88","+0.71","185"
"1529","樂士","66,502","876,576","13.15","13.30","12.85","13.20","+0.40","46"
"1530","亞崴","51,062","1,509,579","29.60","29.70","29.45","29.50","-0.10","24"
"1531","高林股","406,100","4,900,415","12.15","12.35","11.80","12.35","+0.30","93"
"1532","勤美","314,100","7,659,545","24.35","24.60","24.05","24.25"," 0.00","151"
"1533","車王電","25,130","659,067","26.20","26.45","25.95","26.30","+0.20","30"
"1535","中宇","22,060","703,320","31.70","32.00","31.70","32.00"," 0.00","19"
"1536","和大","2,635,404","229,564,852","86.90","88.20","86.40","86.80","+1.60","1,879"
"1537","廣隆","137,100","19,520,449","142.00","143.00","141.50","142.50","+0.50","104"
"1538","正峰新","5,000","12,120","2.49","2.49","2.40","2.43","-0.06","3"
"1539","巨庭","8,000","118,750","14.80","14.95","14.80","14.95","+0.20","8"
"1540","喬福","191,146","2,989,734","15.70","15.70","15.55","15.60","-0.05","87"
"1541","錩泰","20,001","627,831","31.35","31.50","31.35","31.35"," 0.00","18"
"1558","伸興","89,887","11,506,476","128.50","128.50","127.50","128.00"," 0.00","66"
"1560","中砂","285,212","16,230,411","56.80","57.40","56.60","57.00","+0.20","187"
"1568","倉佑","70,100","989,160","14.05","14.30","14.00","14.15","+0.10","47"
"1582","信錦","386,534","29,819,628","77.50","77.50","76.70","77.40","+0.50","293"
"1583","程泰","2,000","121,200","61.00","61.00","60.20","60.20","-0.80","2"
"1587","吉茂","86,182","1,135,411","13.05","13.40","13.00","13.25","+0.25","30"
"1589","永冠-KY","793,986","49,619,230","61.20","63.40","61.20","62.50","+1.30","552"
"1590","亞德客-KY","856,151","440,216,161","520.00","520.00","511.00","514.00","-3.00","834"
"1592","英瑞-KY","953,000","10,902,350","11.50","11.65","11.20","11.40","+0.05","314"
"1598","岱宇","1,450,212","54,811,525","38.00","38.35","37.05","37.05","-0.65","885"
"1603","華電","54,732","1,522,355","27.90","28.45","27.50","27.50","-0.60","37"
"1604","聲寶","386,326","7,166,388","18.55","18.60","18.50","18.60","+0.05","216"
"1605","華新","7,556,265","96,278,385","12.95","12.95","12.65","12.70","-0.15","2,278"
"1608","華榮","477,040","4,521,648","9.43","9.54","9.41","9.50","+0.09","216"
"1609","大亞","1,706,172","16,248,290","9.61","9.65","9.42","9.49","-0.07","515"
"1611","中電","1,211,340","15,422,991","12.85","12.85","12.65","12.70","-0.10","374"
"1612","宏泰","277,000","2,824,750","10.25","10.25","10.15","10.20","-0.05","61"
"1614","三洋電","1,071,500","33,061,249","28.75","31.60","28.30","31.00","+2.25","470"
"1615","大山","789,105","16,759,992","22.00","22.00","20.85","21.00","+0.95","417"
"1616","億泰","84,000","342,550","4.07","4.16","4.05","4.10","+0.03","24"
"1617","榮星","36,134","365,607","10.10","10.40","10.00","10.15","+0.10","18"
"1618","合機","41,030","311,025","7.54","7.62","7.50","7.55","+0.01","27"
"1626","艾美特-KY","222,000","5,762,200","25.20","26.60","25.20","26.10","+0.90","134"
"1701","中化","1,840,241","37,397,126","20.40","20.70","20.15","20.25","-0.05","921"
"1702","南僑","197,127","8,526,158","42.90","43.45","42.90","43.45","+0.70","228"
"1707","葡萄王","690,026","135,420,148","198.00","198.50","195.00","197.00","+0.50","539"
"1708","東鹼","895,942","20,663,898","23.00","23.15","22.90","23.15","+0.20","511"
"1709","和益","618,017","7,753,257","12.75","12.75","12.45","12.50","-0.10","236"
"1710","東聯","2,953,237","47,763,061","15.85","16.35","15.85","16.20","+0.30","1,014"
"1711","永光","572,704","7,751,985","13.60","13.70","13.40","13.60","+0.10","251"
"1712","興農","870,515","16,190,981","18.60","18.65","18.55","18.65","+0.05","413"
"1713","國化","115,000","1,994,750","17.30","17.40","17.20","17.40","-0.05","18"
"1714","和桐","4,712,811","34,668,099","7.44","7.47","7.30","7.31","-0.03","1,412"
"1717","長興","2,655,657","73,380,666","27.65","28.00","27.10","27.20","-0.05","1,249"
"1718","中纖","2,773,679","17,627,265","6.42","6.42","6.32","6.34","+0.06","769"
"1720","生達","1,719,753","64,053,911","37.50","37.65","36.90","37.05","-0.05","980"
"1721","三晃","169,316","1,699,310","10.10","10.10","10.00","10.05","-0.05","48"
"1722","台肥","1,504,312","68,460,168","45.50","45.70","45.40","45.50","+0.05","772"
"1723","中碳","263,758","26,133,216","99.50","99.50","98.60","99.00","+0.30","256"
"1724","台硝","13,999","161,235","11.50","11.55","11.45","11.45","+0.10","23"
"1725","元禎","15,272","211,348","13.70","13.90","13.70","13.85","-0.05","16"
"1726","永記","10,020","673,958","67.10","67.40","67.00","67.40","-0.10","9"
"1727","中華化","25,887","242,496","9.40","9.46","9.32","9.35","+0.01","42"
"1730","花仙子","225,236","14,373,298","64.40","64.40","63.60","64.00","+0.30","187"
"1731","美吾華","578,908","7,452,910","12.95","13.00","12.75","12.80","+0.10","271"
"1732","毛寶","11,511,100","358,595,410","30.30","32.55","29.95","29.95","-0.10","6,093"
"1733","五鼎","220,032","5,139,752","23.60","23.65","23.15","23.25","-0.25","143"
"1734","杏輝","649,023","12,571,638","19.50","19.65","19.10","19.20","+0.05","370"
"1735","日勝化","1,000","16,400","16.40","16.40","16.40","16.40","+0.25","1"
"1736","喬山","4,281,649","263,049,738","60.40","62.70","59.50","62.00","+3.10","2,925"
"1737","臺鹽","347,759","10,716,135","30.95","30.95","30.70","30.75","+0.05","140"
"1760","寶齡富錦","18,118,852","2,211,596,889","125.00","135.00","115.00","115.50","-12.00","13,047"
"1762","中化生","6,969,960","322,809,345","46.10","47.20","45.80","46.00","+1.60","3,900"
"1773","勝一","138,416","13,079,936","95.00","95.00","93.80","95.00","+0.10","115"
"1776","展宇","21,001","358,167","17.00","17.20","17.00","17.00"," 0.00","16"
"1783","和康生","721,092","17,867,839","25.50","25.50","24.30","24.55","-0.25","541"
"1786","科妍","285,300","17,675,938","62.00","62.50","61.70","61.80","+0.10","210"
"1789","神隆","4,868,812","142,810,668","30.20","30.35","28.60","28.85","-0.85","2,522"
"1795","美時","2,141,500","154,694,300","72.00","72.80","71.30","72.00","+0.80","1,499"
"1802","台玻","844,187","7,316,070","8.68","8.71","8.61","8.67","+0.10","256"
"1805","寶徠","35,000","294,490","8.39","8.65","8.32","8.65","-0.09","10"
"1806","冠軍","179,622","842,332","4.74","4.74","4.66","4.69","-0.01","70"
"1808","潤隆","220,966","12,738,094","57.80","57.90","57.10","57.90","+0.90","176"
"1809","中釉","242,631","2,103,895","8.68","8.75","8.64","8.66","+0.01","129"
"1810","和成","349,400","2,515,330","7.22","7.23","7.16","7.23","+0.04","91"
"1817","凱撒衛","73,000","2,108,050","28.80","29.10","28.80","29.05","+0.05","50"
"1902","台紙","464,162","9,571,652","20.60","20.65","20.60","20.60"," 0.00","169"
"1903","士紙","221,051","8,242,547","37.10","37.70","37.05","37.20","+0.10","144"
"1904","正隆","2,922,613","61,116,273","20.80","21.10","20.65","21.00","+0.30","1,405"
"1905","華紙","774,444","5,652,283","7.24","7.34","7.24","7.30","+0.06","271"
"1906","寶隆","216,621","2,584,342","11.95","12.00","11.85","12.00","+0.10","112"
"1907","永豐餘","3,651,802","45,211,798","12.20","12.50","12.20","12.35","+0.25","1,349"
"1909","榮成","3,126,231","40,875,523","13.10","13.15","12.85","13.10","+0.10","1,080"
"2002","中鋼","13,906,838","271,707,530","19.65","19.65","19.45","19.55","+0.05","5,000"
"2002A","中鋼特","20,030","1,066,623","53.50","53.50","53.10","53.40","-0.10","19"
"2006","東和鋼鐵","1,183,173","26,650,292","22.45","22.70","22.35","22.70","+0.35","621"
"2007","燁興","53,729","206,633","3.86","3.91","3.79","3.84","-0.02","44"
"2008","高興昌","35,000","430,500","12.30","12.30","12.30","12.30","X0.00","2"
"2009","第一銅","62,933","455,456","7.30","7.30","7.17","7.26","+0.06","45"
"2010","春源","160,571","1,479,579","9.17","9.24","9.17","9.23","+0.06","59"
"2012","春雨","83,293","1,395,264","16.80","16.85","16.70","16.80"," 0.00","47"
"2013","中鋼構","87,200","1,814,100","21.10","21.10","20.65","20.80","+0.05","61"
"2014","中鴻","2,970,524","21,589,754","7.22","7.37","7.21","7.27","+0.11","933"
"2015","豐興","464,030","23,555,134","50.70","51.20","50.50","50.80","+0.10","237"
"2017","官田鋼","106,340","676,234","6.44","6.45","6.32","6.33","-0.06","55"
"2020","美亞","653,341","10,617,790","16.30","16.35","16.15","16.25","+0.10","193"
"2022","聚亨","174,383","710,627","4.07","4.11","4.05","4.06","-0.01","59"
"2023","燁輝","733,460","6,448,197","8.80","8.85","8.77","8.80","+0.03","316"
"2024","志聯","35,010","424,470","12.10","12.15","12.05","12.05"," 0.00","13"
"2025","千興","66,000","93,240","1.43","1.43","1.35","1.37","-0.01","18"
"2027","大成鋼","5,203,026","137,552,977","26.70","26.90","26.20","26.30","-0.10","2,497"
"2028","威致","23,971","223,569","9.35","9.35","9.25","9.35"," 0.00","19"
"2029","盛餘","116,149","1,814,451","15.60","15.70","15.55","15.55","-0.05","44"
"2030","彰源","404,000","4,046,240","10.10","10.10","9.99","10.05"," 0.00","132"
"2031","新光鋼","526,257","11,950,456","22.80","22.90","22.50","22.80","+0.15","257"
"2032","新鋼","18,539","151,421","8.10","8.20","8.10","8.12","-0.05","14"
"2033","佳大","29,633","264,407","8.96","9.04","8.85","8.86","-0.09","26"
"2034","允強","496,460","11,513,535","23.00","23.40","23.00","23.40","+0.50","256"
"2038","海光","93,500","512,738","5.50","5.57","5.42","5.50"," 0.00","62"
"2049","上銀","3,138,172","800,226,704","256.00","257.00","252.00","257.00","+5.50","2,434"
"2059","川湖","1,135,802","352,433,432","295.50","322.50","295.00","317.50","+24.00","973"
"2062","橋椿","333,050","7,066,104","21.80","21.80","20.95","21.20","-0.20","228"
"2069","運錩","83,000","1,272,950","15.40","15.40","15.20","15.40","+0.20","32"
"2101","南港","1,832,350","74,291,133","40.75","40.95","40.20","40.35","+0.25","1,020"
"2102","泰豐","13,270,695","221,649,699","16.55","17.10","16.30","16.45","+0.25","3,484"
"2103","台橡","4,833,743","76,244,438","15.70","15.95","15.55","15.95","+0.50","1,696"
"2104","國際中橡","10,499,090","221,300,078","20.65","21.45","20.60","21.25","+1.15","4,123"
"2105","正新","8,911,532","303,827,959","33.10","35.00","33.10","34.55","+1.75","4,817"
"2106","建大","2,044,200","52,284,284","25.40","25.95","25.30","25.40"," 0.00","824"
"2107","厚生","875,911","15,384,780","17.50","17.65","17.50","17.65","+0.20","264"
"2108","南帝","521,541","15,233,820","29.35","29.35","29.10","29.25","+0.05","262"
"2109","華豐","146,231","1,733,174","11.80","12.10","11.70","11.90","+0.10","60"
"2114","鑫永銓","123,870","9,691,255","78.00","78.80","77.90","78.60","+1.10","103"
"2115","六暉-KY","46,652","1,721,952","37.20","37.20","36.50","37.20","+0.60","45"
"2201","裕隆","5,591,166","94,575,493","17.20","17.25","16.70","16.90","-0.20","1,750"
"2204","中華","730,004","22,979,820","31.75","31.90","31.25","31.30","-0.45","347"
"2206","三陽工業","665,027","13,002,967","19.60","19.65","19.40","19.40","-0.15","332"
"2207","和泰車","292,658","147,887,974","511.00","512.00","502.00","503.00","-3.00","270"
"2208","台船","1,210,050","25,244,132","20.60","21.20","20.60","20.95","+0.45","566"
"2227","裕日車","83,507","19,781,180","235.00","239.50","234.50","237.50","+4.00","81"
"2228","劍麟","1,212,000","108,224,896","90.00","90.60","88.00","89.40","+0.60","981"
"2231","為升","887,427","125,682,134","142.50","143.50","140.50","141.00","+1.00","693"
"2233","宇隆","448,238","24,497,790","53.90","55.70","53.30","55.00","+1.40","325"
"2236","百達-KY","162,059","2,706,197","16.40","17.10","16.40","17.10","+0.70","107"
"2239","英利-KY","136,300","7,797,229","56.40","58.80","55.70","58.10","+2.50","119"
"2243","宏旭-KY","7,000","67,060","9.51","9.75","9.50","9.75","+0.18","5"
"2301","光寶科","6,804,123","305,730,119","44.70","45.20","44.60","45.05","+0.65","3,000"
"2302","麗正","157,641","1,177,263","7.51","7.53","7.41","7.42","-0.08","73"
"2303","聯電","219,150,807","3,312,193,487","15.50","15.60","14.75","15.00","-1.15","41,197"
"2305","全友","178,489","901,468","5.08","5.14","5.01","5.05","-0.01","78"
"2308","台達電","3,975,866","536,351,410","135.00","135.50","134.00","135.00","+1.50","2,414"
"2312","金寶","20,084,877","252,483,509","12.90","13.00","12.30","12.45","-0.35","6,816"
"2313","華通","25,029,901","917,006,673","37.00","37.30","36.20","36.45","-0.20","9,952"
"2314","台揚","7,705,051","160,923,521","20.45","21.00","20.40","21.00","+1.90","2,190"
"2316","楠梓電","2,554,378","76,634,546","30.00","30.25","29.85","29.90","-0.10","1,123"
"2317","鴻海","22,472,772","1,686,693,617","75.10","75.40","74.80","75.20","+0.30","9,829"
"2321","東訊","17,000","23,630","1.39","1.39","1.39","1.39","-0.01","8"
"2323","中環","6,621,637","50,854,679","7.76","7.78","7.61","7.65","-0.03","1,777"
"2324","仁寶","14,826,932","281,034,958","19.00","19.05","18.80","18.95","+0.05","4,422"
"2327","國巨","43,220,251","16,799,050,635","384.00","401.00","381.00","383.50","+4.00","32,126"
"2328","廣宇","3,215,923","60,396,480","18.60","19.00","18.50","18.85","+0.35","1,388"
"2329","華泰","3,830,920","45,832,343","12.00","12.15","11.85","11.90","-0.10","1,048"
"2330","台積電","37,621,165","11,134,919,970","298.50","298.50","294.50","296.50","-1.50","18,214"
"2331","精英","391,568","4,047,398","10.50","10.50","10.20","10.35","+0.05","174"
"2332","友訊","6,467,491","79,625,210","12.30","12.55","12.05","12.05","-0.15","1,892"
"2337","旺宏","65,579,485","2,265,037,233","35.20","35.25","34.05","34.50","-0.60","27,475"
"2338","光罩","7,037,741","203,245,739","28.85","29.25","28.35","29.00","+0.30","3,155"
"2340","光磊","1,163,006","24,495,764","21.35","21.35","20.95","21.10","-0.10","520"
"2342","茂矽","11,259,191","284,890,065","24.75","26.10","24.50","24.90","+0.40","5,041"
"2344","華邦電","25,594,349","344,630,213","13.75","13.75","13.30","13.40","-0.05","6,246"
"2345","智邦","18,327,276","3,817,920,236","199.50","216.00","198.00","212.50","+16.00","11,508"
"2347","聯強","3,762,398","148,737,372","39.50","39.95","39.15","39.50","+0.45","2,084"
"2348","海悅","296,690","15,792,812","52.80","53.50","52.80","53.40","+0.90","180"
"2349","錸德","3,903,891","19,556,963","5.05","5.12","4.96","4.99","-0.01","816"
"2351","順德","250,059","11,259,210","45.20","45.30","44.60","45.10","+0.30","189"
"2352","佳世達","7,858,840","128,904,955","16.40","16.55","16.25","16.50","+0.20","2,209"
"2353","宏碁","9,772,414","157,131,424","16.20","16.20","16.00","16.00"," 0.00","2,921"
"2354","鴻準","2,621,229","143,297,285","54.70","55.00","54.50","54.60"," 0.00","1,651"
"2355","敬鵬","935,628","23,420,514","25.30","25.30","24.70","25.20","+0.25","523"
"2356","英業達","5,144,679","120,377,562","23.70","23.70","23.30","23.30","-0.20","2,318"
"2357","華碩","1,475,058","293,407,063","198.00","200.00","197.00","199.00","+2.00","1,115"
"2358","廷鑫","79,022","996,324","12.40","12.90","12.40","12.65","+0.20","49"
"2359","所羅門","419,932","7,662,207","18.15","18.35","18.10","18.30","+0.20","214"
"2360","致茂","1,372,430","189,347,270","137.00","140.00","134.50","140.00","+5.50","1,117"
"2362","藍天","739,120","23,490,814","31.55","32.00","31.30","32.00","+0.60","393"
"2363","矽統","23,940,253","286,447,071","12.00","12.35","11.70","11.70","-0.10","6,294"
"2364","倫飛","18,093","39,620","2.18","2.20","2.18","2.20","+0.10","129"
"2365","昆盈","1,044,393","8,421,715","8.05","8.11","8.04","8.04","-0.05","264"
"2367","燿華","12,470,829","275,848,102","22.35","22.40","21.90","22.00","-0.25","4,614"
"2368","金像電","110,921,482","3,566,788,263","31.95","32.95","31.25","31.25","-0.25","41,158"
"2369","菱生","5,127,239","51,337,163","9.83","10.30","9.68","10.30","+0.62","1,707"
"2371","大同","8,360,421","176,009,131","21.25","21.30","20.90","20.90","-0.05","2,360"
"2373","震旦行","12,600","1,118,400","88.50","89.00","88.50","89.00","+0.70","15"
"2374","佳能","234,772","2,735,705","11.55","11.80","11.50","11.80","+0.35","139"
"2375","凱美","3,068,753","106,050,868","34.85","34.90","34.30","34.30","-0.15","1,800"
"2376","技嘉","5,034,115","261,142,502","53.10","53.10","51.20","52.20","-0.70","3,106"
"2377","微星","1,890,709","174,935,647","93.00","93.30","91.90","92.70","+0.40","1,223"
"2379","瑞昱","4,009,130","951,737,310","239.50","241.00","235.50","236.50","+0.50","2,587"
"2380","虹光","103,579","368,233","3.56","3.58","3.51","3.56","-0.01","60"
"2382","廣達","10,079,757","633,925,404","63.00","63.20","62.70","62.80","+0.30","3,742"
"2383","台光電","3,005,108","368,125,831","122.00","124.00","121.00","123.50","+1.50","1,778"
"2385","群光","4,050,505","334,668,911","82.50","83.40","82.10","83.30","+1.60","2,244"
"2387","精元","5,827,187","190,922,815","32.50","33.75","31.80","33.30","+1.10","2,680"
"2388","威盛","1,233,662","39,245,051","32.50","32.50","31.50","31.70","-0.30","718"
"2390","云辰","922,223","7,343,060","8.10","8.10","7.90","7.91","-0.13","338"
"2392","正崴","2,479,055","89,922,100","36.30","36.45","36.05","36.30","+0.30","1,352"
"2393","億光","3,287,558","105,323,356","32.50","32.70","31.60","32.30","-0.05","1,770"
"2395","研華","679,900","187,494,800","276.00","278.00","273.00","277.00","+2.00","584"
"2397","友通","121,000","8,830,200","72.70","73.30","72.60","73.20","+0.70","109"
"2399","映泰","440,005","4,097,865","9.35","9.39","9.25","9.25"," 0.00","160"
"2401","凌陽","5,867,043","60,953,507","10.30","10.50","10.20","10.40","+0.15","902"
"2402","毅嘉","825,052","10,814,554","13.20","13.25","13.00","13.15","+0.10","278"
"2404","漢唐","568,551","105,842,037","187.00","187.50","185.50","187.00","+1.50","484"
"2405","浩鑫","1,179,406","11,518,196","9.80","9.91","9.67","9.72","+0.04","410"
"2406","國碩","2,318,022","22,856,560","9.75","10.00","9.69","9.96","+0.23","761"
"2408","南亞科","26,065,038","1,633,392,881","62.80","63.40","61.30","63.20","+1.60","13,281"
"2409","友達","105,789,513","840,570,880","8.03","8.14","7.81","7.82","-0.15","18,546"
"2412","中華電","5,086,238","556,214,029","109.50","109.50","109.00","109.50"," 0.00","2,772"
"2413","環科","159,000","1,811,500","11.50","11.60","11.20","11.40","-0.05","102"
"2414","精技","417,830","9,597,090","22.75","23.10","22.75","22.95","+0.25","218"
"2415","錩新","108,813","1,571,307","14.35","14.55","14.25","14.50","+0.20","62"
"2417","圓剛","3,826,100","45,695,040","11.90","12.10","11.75","12.00","+0.15","1,255"
"2419","仲琦","625,170","12,403,313","19.75","20.00","19.70","19.90","+0.30","290"
"2420","新巨","172,343","5,357,100","31.00","31.20","31.00","31.10","+0.10","112"
"2421","建準","2,794,136","108,630,954","38.85","39.50","38.35","39.00","+0.35","1,689"
"2423","固緯","230,538","5,276,849","22.80","23.05","22.70","23.00","+0.20","157"
"2424","隴華","1,000","19,200","19.20","19.20","19.20","19.20","-0.45","1"
"2425","承啟","308,100","7,760,933","25.45","25.45","24.95","25.35","+0.15","220"
"2426","鼎元","1,681,094","20,878,973","12.40","12.70","12.10","12.70","+0.40","675"
"2427","三商電","522,000","5,251,750","10.10","10.15","10.00","10.15","+0.05","110"
"2428","興勤","1,880,681","153,550,542","81.30","82.80","79.40","82.50","+2.30","1,153"
"2429","銘旺科","193,150","4,230,757","22.25","22.85","21.10","21.85","-0.30","120"
"2430","燦坤","116,082","1,743,180","15.05","15.10","14.95","15.00","+0.05","65"
"2431","聯昌","136,077","1,032,966","7.58","7.62","7.53","7.59","+0.01","79"
"2433","互盛電","111,000","5,756,600","52.00","52.10","51.50","52.00","+0.70","77"
"2434","統懋","4,870","27,569","5.41","6.00","5.41","5.80","-0.14","6"
"2436","偉詮電","2,122,364","55,746,059","26.60","26.60","26.05","26.30","-0.30","1,236"
"2438","翔耀","20,585","139,976","6.50","6.90","6.50","6.90","+0.35","15"
"2439","美律","2,343,578","317,317,608","136.00","136.50","134.00","136.00","+1.00","1,670"
"2440","太空梭","57,355","515,932","8.83","9.12","8.80","9.00","+0.15","29"
"2441","超豐","881,447","38,782,446","43.45","44.75","43.40","44.75","+1.35","530"
"2442","新美齊","722,816","5,676,605","7.98","7.98","7.80","7.81","-0.08","258"
"2443","億麗","189,517","552,997","2.97","2.97","2.90","2.93","-0.04","78"
"2444","兆勁","1,032,019","16,142,195","15.80","15.80","15.50","15.70","+0.10","187"
"2448","晶電","63,212,280","2,498,090,280","40.40","40.45","38.85","39.35","-0.90","27,205"
"2449","京元電子","9,151,431","329,498,620","36.25","36.45","35.75","35.80","-0.30","5,090"
"2450","神腦","136,122","3,848,088","28.30","28.40","28.05","28.40","+0.10","89"
"2451","創見","732,520","50,950,500","69.80","70.00","69.20","69.80"," 0.00","552"
"2453","凌群","713,164","11,961,996","17.00","17.00","16.55","16.75","-0.05","336"
"2454","聯發科","10,769,852","3,988,722,587","374.50","375.00","363.50","375.00","+3.00","7,675"
"2455","全新","1,691,800","147,886,518","88.20","88.20","86.60","87.40","+0.30","1,353"
"2456","奇力新","11,343,393","1,190,582,056","106.00","106.50","103.50","104.50","-0.50","7,676"
"2457","飛宏","757,551","5,222,235","6.84","6.95","6.78","6.90","+0.14","226"
"2458","義隆","9,380,232","896,190,430","95.20","96.70","94.00","96.50","+2.00","6,314"
"2459","敦吉","125,400","4,980,120","39.65","39.85","39.65","39.80","+0.15","80"
"2460","建通","35,600","268,930","7.45","7.64","7.45","7.46","+0.01","32"
"2461","光群雷","453,105","6,291,420","13.95","14.00","13.80","13.90","-0.05","189"
"2462","良得電","22,400","567,480","25.40","25.40","25.20","25.35","+0.05","17"
"2464","盟立","495,840","16,316,232","33.00","33.30","32.70","32.85","-0.15","302"
"2465","麗臺","199,047","1,608,256","7.95","8.30","7.91","8.20","+0.21","115"
"2466","冠西電","58,000","1,786,500","30.60","31.05","30.60","31.05","+0.40","42"
"2467","志聖","817,050","22,291,320","27.30","27.45","27.05","27.45","+0.25","371"
"2468","華經","71,000","888,200","12.60","12.60","12.45","12.50"," 0.00","46"
"2471","資通","5,275,633","136,742,290","26.80","27.00","25.00","25.00","-0.15","2,761"
"2472","立隆電","3,004,611","119,014,889","39.25","40.30","38.90","38.90","+0.10","1,845"
"2474","可成","3,590,817","809,988,142","227.00","227.50","223.00","227.00","+2.00","1,969"
"2476","鉅祥","224,463","4,478,339","20.15","20.15","19.75","19.90","-0.35","130"
"2477","美隆電","88,452","1,847,001","20.90","21.00","20.80","20.80","-0.30","62"
"2478","大毅","13,056,844","1,015,256,504","78.50","79.00","76.50","77.70","-0.50","7,934"
"2480","敦陽科","468,426","28,235,368","60.50","60.70","59.60","60.60","+0.40","330"
"2481","強茂","5,043,099","120,961,630","23.85","24.25","23.65","24.15","+0.30","2,187"
"2482","連宇","96,457","966,423","9.94","10.15","9.92","10.05","+0.11","54"
"2483","百容","47,000","851,500","18.10","18.20","18.05","18.10"," 0.00","23"
"2484","希華","2,954,056","60,065,985","20.20","20.65","19.85","20.20","+0.20","1,296"
"2485","兆赫","2,582,591","40,900,706","15.55","16.00","15.55","15.75","+0.35","1,144"
"2486","一詮","224,543","1,629,466","7.32","7.36","7.18","7.30","+0.06","90"
"2488","漢平","467,914","13,086,780","28.00","28.15","27.60","28.10","+0.70","288"
"2489","瑞軒","1,069,241","7,772,769","7.23","7.31","7.23","7.29","+0.07","380"
"2491","吉祥全","156,867","1,167,286","7.36","7.55","7.34","7.46","+0.12","91"
"2492","華新科","26,753,104","5,781,715,300","217.00","219.50","213.00","213.50","-1.50","18,436"
"2493","揚博","291,500","8,388,474","28.70","28.90","28.65","28.85","+0.05","166"
"2495","普安","178,430","2,057,438","11.55","11.65","11.40","11.60","+0.10","86"
"2496","卓越","38,250","2,322,325","60.90","61.30","60.00","61.30","+0.30","37"
"2497","怡利電","66,000","1,036,700","15.95","15.95","15.55","15.65"," 0.00","47"
"2498","宏達電","4,968,484","149,571,563","30.25","30.55","29.85","29.95","-0.05","2,416"
"2501","國建","906,253","16,781,587","18.35","18.65","18.35","18.55","+0.30","416"
"2504","國產","23,829,561","305,139,879","12.35","13.15","12.35","13.00","+0.80","5,580"
"2505","國揚","11,021,932","264,047,575","22.75","24.50","22.75","23.60","+1.05","4,017"
"2506","太設","18,640","166,260","8.95","8.95","8.89","8.90","+0.01","19"
"2509","全坤建","18,266","373,553","20.45","20.50","20.40","20.45"," 0.00","18"
"2511","太子","547,761","5,253,576","9.55","9.67","9.54","9.60"," 0.00","270"
"2514","龍邦","197,150","2,678,028","13.35","13.75","13.35","13.55","+0.20","126"
"2515","中工","4,038,281","27,818,865","6.84","6.94","6.84","6.90","+0.07","855"
"2516","新建","98,940","448,569","4.53","4.62","4.50","4.52","-0.01","31"
"2520","冠德","864,239","21,824,196","25.45","25.50","25.00","25.10","-0.15","510"
"2524","京城","359,488","11,377,047","31.05","31.90","31.00","31.50","+0.85","150"
"2527","宏璟","281,896","5,537,461","19.65","19.70","19.55","19.70","+0.05","144"
"2528","皇普","105,049","1,995,151","19.20","19.20","18.90","18.95","+0.15","24"
"2530","華建","140,842","2,221,267","15.85","15.85","15.70","15.70","-0.20","71"
"2534","宏盛","2,252,660","38,848,739","16.85","17.80","16.60","17.45","+0.85","987"
"2535","達欣工","824,371","17,376,695","21.00","21.20","21.00","21.15","+0.15","355"
"2536","宏普","173,000","3,675,650","21.10","21.35","21.10","21.25","+0.25","93"
"2537","聯上發","1,167,010","10,156,570","8.64","8.80","8.60","8.76","+0.21","339"
"2538","基泰","233,141","2,157,709","9.26","9.30","9.23","9.25","-0.01","86"
"2539","櫻花建","163,500","5,465,372","33.40","33.50","33.35","33.40","+0.05","105"
"2540","愛山林","30,000","761,000","25.45","25.50","25.10","25.50","+0.25","19"
"2542","興富發","2,236,647","95,604,471","42.60","43.00","42.50","42.85","+0.50","1,421"
"2543","皇昌","11,928","79,716","6.55","6.76","6.55","6.76"," 0.00","11"
"2545","皇翔","123,300","3,966,430","32.30","32.35","31.95","32.30","+0.15","63"
"2546","根基","154,357","5,725,889","36.70","37.40","36.65","37.20","+0.55","105"
"2547","日勝生","1,025,375","10,363,063","10.15","10.20","10.05","10.05"," 0.00","398"
"2548","華固","932,484","82,877,960","88.90","89.20","88.60","88.90","+0.40","621"
"2597","潤弘","32,000","1,921,700","60.00","60.20","59.90","60.00"," 0.00","25"
"2601","益航","3,501,606","33,691,399","9.65","9.69","9.51","9.57","-0.06","772"
"2603","長榮","21,248,642","222,096,227","10.35","10.60","10.25","10.55","+0.35","4,488"
"2605","新興","2,474,612","36,250,138","14.80","14.85","14.50","14.70"," 0.00","711"
"2606","裕民","2,916,512","83,936,748","28.60","29.00","28.50","28.95","+0.45","1,195"
"2607","榮運","715,346","8,988,390","12.55","12.65","12.45","12.55"," 0.00","239"
"2608","嘉里大榮","381,181","15,254,002","39.80","40.20","39.80","40.00","+0.25","274"
"2609","陽明","10,874,675","66,103,870","5.70","6.25","5.70","6.25","+0.56","2,388"
"2610","華航","56,454,275","419,836,984","7.19","7.59","7.19","7.59","+0.47","12,683"
"2611","志信","95,000","566,620","5.98","6.00","5.92","5.99","+0.06","43"
"2612","中航","269,400","6,506,330","24.00","24.30","23.95","24.15","+0.20","164"
"2613","中櫃","156,188","2,074,980","13.35","13.35","12.95","13.30","+0.30","47"
"2614","東森","6,442,497","85,220,597","13.50","13.55","12.95","13.05","-0.25","2,643"
"2615","萬海","2,072,122","34,040,325","16.50","16.60","16.35","16.40"," 0.00","579"
"2616","山隆","50,499","1,483,589","29.40","29.45","29.30","29.35","+0.05","43"
"2617","台航","771,992","11,817,825","15.30","15.45","15.20","15.45","+0.20","273"
"2618","長榮航","47,935,128","504,456,896","10.30","10.65","10.25","10.55","+0.40","12,520"
"2630","亞航","157,000","2,289,350","14.25","15.00","14.10","14.55","+0.45","77"
"2633","台灣高鐵","6,259,269","205,587,140","32.50","33.05","32.45","33.05","+0.80","2,914"
"2634","漢翔","1,878,582","52,299,951","27.95","28.10","27.60","27.85","+0.20","1,092"
"2636","台驊投控","137,267","2,955,089","21.40","21.70","21.40","21.45","+0.05","79"
"2637","慧洋-KY","1,671,110","40,183,634","24.10","24.15","23.95","24.10","+0.25","626"
"2642","宅配通","475,104","14,349,401","30.70","30.70","30.05","30.15","-0.20","304"
"2701","萬企","10,010","114,010","11.40","11.40","11.35","11.35","-0.10","19"
"2702","華園","153,009","1,866,458","12.20","12.30","12.05","12.20","+0.30","116"
"2704","國賓","410,000","10,245,750","24.95","25.10","24.80","24.80","-0.15","144"
"2705","六福","405,311","4,106,667","10.10","10.20","10.05","10.10","+0.10","145"
"2706","第一店","18,408","231,489","12.50","12.60","12.45","12.60","-0.10","20"
"2707","晶華","407,846","52,718,980","131.00","131.00","127.00","129.00","+0.50","356"
"2712","遠雄來","6,000","187,200","31.20","31.20","31.20","31.20","-0.90","5"
"2722","夏都","4,000","88,950","22.35","22.35","22.20","22.20","+0.20","3"
"2723","美食-KY","631,188","54,141,600","85.90","86.80","84.80","86.00","+1.00","503"
"2727","王品","521,586","33,658,776","64.10","65.00","63.80","65.00","+1.50","453"
"2731","雄獅","641,450","43,842,005","67.70","69.30","67.00","69.00","+2.70","434"
"2739","寒舍","141,202","3,166,765","21.90","22.60","21.90","22.55","+0.70","66"
"2748","雲品","66,000","2,716,100","41.20","41.40","41.00","41.25","+0.45","56"
"2801","彰銀","5,088,964","98,949,634","19.50","19.60","19.35","19.50","+0.10","1,119"
"2809","京城銀","829,915","25,242,006","30.50","30.80","30.20","30.40","-0.10","423"
"2812","台中銀","6,476,831","72,290,049","11.15","11.20","11.10","11.20","+0.10","1,561"
"2816","旺旺保","231,610","4,485,859","19.25","19.50","19.15","19.45","+0.35","148"
"2820","華票","918,247","13,340,893","14.50","14.60","14.45","14.60","+0.15","422"
"2823","中壽","11,141,351","221,566,643","20.00","20.10","19.80","19.80","+0.05","3,635"
"2832","台產","56,602","1,098,041","19.40","19.45","19.35","19.45","+0.05","54"
"2834","臺企銀","15,914,162","164,829,243","10.35","10.45","10.30","10.35","+0.05","3,027"
"2836","高雄銀","414,880","3,919,682","9.49","9.49","9.40","9.48","+0.04","151"
"2838","聯邦銀","1,239,907","12,941,454","10.40","10.50","10.40","10.50","+0.15","372"
"2838A","聯邦銀甲特","253,000","13,174,500","52.20","52.30","51.90","52.20"," 0.00","177"
"2841","台開","4,714,750","32,832,993","7.02","7.02","6.87","6.89","+0.05","1,029"
"2845","遠東銀","2,875,356","29,735,977","10.35","10.40","10.30","10.40","+0.10","692"
"2849","安泰銀","92,750","1,304,725","14.00","14.25","13.80","14.10","+0.15","69"
"2850","新產","131,639","4,704,438","35.50","35.90","35.50","35.90","+0.40","90"
"2851","中再保","175,116","3,104,656","17.85","17.85","17.65","17.75"," 0.00","97"
"2852","第一保","95,017","1,332,589","14.05","14.10","13.90","14.10"," 0.00","53"
"2855","統一證","2,746,089","35,581,559","12.95","13.05","12.85","13.05","+0.10","491"
"2867","三商壽","3,234,860","30,221,038","9.34","9.38","9.31","9.32","+0.02","722"
"2880","華南金","20,242,198","381,188,662","18.75","18.95","18.70","18.90","+0.55","5,947"
"2881","富邦金","7,655,849","308,068,279","40.45","40.45","40.05","40.30","+0.20","2,829"
"2881A","富邦特","95,561","6,162,927","64.60","64.60","64.40","64.50"," 0.00","86"
"2881B","富邦金乙特","57,148","3,568,482","62.40","62.70","62.40","62.70","+0.40","89"
"2882","國泰金","11,350,825","431,772,491","38.20","38.20","37.90","38.00"," 0.00","4,348"
"2882A","國泰特","301,348","18,863,746","62.50","62.70","62.50","62.70","+0.20","128"
"2882B","國泰金乙特","107,074","6,688,895","62.40","62.60","62.20","62.60","+0.20","27"
"2883","開發金","40,412,097","352,656,494","8.65","8.77","8.65","8.76","+0.18","7,078"
"2884","玉山金","22,347,065","588,999,608","26.40","26.50","26.20","26.40","+0.20","6,446"
"2885","元大金","37,222,846","611,038,186","16.50","16.55","16.30","16.40"," 0.00","6,582"
"2886","兆豐金","27,855,091","815,529,605","29.05","29.45","29.00","29.45","+0.75","12,271"
"2887","台新金","18,461,807","222,744,142","12.10","12.15","12.00","12.05","+0.05","4,104"
"2887E","台新戊特","122,706","6,567,939","53.40","53.60","53.40","53.60","+0.20","36"
"2887F","台新戊特二","126,388","6,559,235","51.50","52.00","51.50","52.00","+0.30","47"
"2888","新光金","38,298,589","318,398,344","8.34","8.37","8.27","8.30","+0.04","5,185"
"2888A","新光金甲特","56,886","2,508,343","44.15","44.15","44.05","44.05"," 0.00","33"
"2889","國票金","3,037,707","32,632,811","10.75","10.80","10.70","10.75","+0.05","868"
"2890","永豐金","11,095,043","127,873,355","11.60","11.65","11.45","11.55","+0.05","3,686"
"2891","中信金","41,065,464","794,288,634","19.15","19.50","19.10","19.50","+0.45","12,380"
"2891B","中信金乙特","9,192","602,875","64.20","65.80","64.20","65.80"," 0.00","7"
"2891C","中信金丙特","22,322","1,389,614","62.30","62.30","62.10","62.30","-0.10","20"
"2892","第一金","22,160,857","470,585,456","21.20","21.30","21.15","21.30","+0.30","7,639"
"2897","王道銀行","798,442","5,580,204","6.96","7.00","6.96","7.00","+0.04","173"
"2897A","王道銀甲特","56,420","569,884","10.10","10.10","10.10","10.10"," 0.00","22"
"2901","欣欣","2,150","47,882","22.25","22.25","22.25","22.25","+0.05","3"
"2903","遠百","985,260","22,629,159","23.00","23.15","22.80","22.90","+0.05","422"
"2904","匯僑","94,089","2,173,572","23.35","23.35","23.00","23.10","-0.25","62"
"2905","三商","1,026,071","22,075,017","21.60","21.65","21.40","21.55","+0.05","447"
"2906","高林","25,502","269,171","10.50","10.60","10.45","10.60","-0.05","11"
"2908","特力","180,362","3,354,122","18.50","18.85","18.40","18.85","+0.40","88"
"2910","統領","8,000","236,150","29.20","30.15","29.10","30.15","+0.70","8"
"2911","麗嬰房","66,000","395,010","6.11","6.11","5.91","6.00","-0.05","42"
"2912","統一超","1,575,904","469,200,392","294.00","299.50","294.00","299.50","+5.50","1,253"
"2913","農林","930,384","12,970,330","13.85","14.00","13.85","13.95","+0.10","249"
"2915","潤泰全","2,247,610","150,500,921","66.80","67.50","66.30","67.10","+0.30","1,453"
"2923","鼎固-KY","44,000","1,042,600","23.80","23.85","23.55","23.70","-0.20","29"
"2929","淘帝-KY","412,947","27,975,827","68.00","68.50","67.00","68.40","+1.00","362"
"2936","客思達-KY","2,000","28,000","14.00","14.00","14.00","14.00","+0.30","2"
"2939","凱羿-KY","282,200","44,665,200","158.50","160.00","156.50","157.00","-2.00","239"
"3002","歐格","178,000","1,893,800","10.55","10.70","10.55","10.60","+0.05","56"
"3003","健和興","856,250","32,555,400","38.00","38.45","37.70","37.75","+0.30","510"
"3004","豐達科","642,054","35,726,771","54.10","57.30","53.70","56.50","+3.00","498"
"3005","神基","966,180","42,201,999","44.25","44.25","43.55","43.65","-0.05","597"
"3006","晶豪科","20,200,380","805,961,753","38.35","40.50","38.25","40.10","+2.30","9,917"
"3008","大立光","700,553","2,711,986,424","3,910.00","3,910.00","3,835.00","3,860.00"," 0.00","798"
"3010","華立","475,252","24,827,655","52.20","52.90","52.00","52.90","+1.00","314"
"3011","今皓","68,000","361,780","5.40","5.40","5.27","5.27","-0.11","30"
"3013","晟銘電","277,000","3,470,900","12.25","12.75","12.25","12.40","+0.20","122"
"3014","聯陽","1,504,348","69,529,023","46.25","46.50","45.75","46.35","+0.25","925"
"3015","全漢","2,067,917","48,911,339","24.20","24.40","23.05","23.70","-0.65","1,129"
"3016","嘉晶","3,580,471","182,339,821","50.70","51.40","50.40","50.50","+0.30","2,340"
"3017","奇鋐","32,110,445","1,284,794,027","39.45","40.80","39.00","39.75","+1.10","17,204"
"3018","同開","692,731","12,001,638","16.40","17.70","16.40","17.70","+1.60","365"
"3019","亞光","3,511,420","249,039,220","71.90","71.90","70.30","70.40"," 0.00","2,349"
"3021","鴻名","21,011","278,746","13.30","13.30","13.20","13.25","-0.05","12"
"3022","威強電","274,821","9,455,524","34.30","34.75","34.00","34.75","+0.45","201"
"3023","信邦","4,480,949","643,383,054","142.00","147.00","139.00","147.00","+8.00","3,441"
"3024","憶聲","136,577","986,521","7.29","7.30","7.11","7.23","+0.02","61"
"3025","星通","186,048","3,771,814","20.30","20.85","19.85","20.15","-0.05","115"
"3026","禾伸堂","11,206,919","1,359,862,118","119.00","125.00","117.50","122.00","+4.00","7,992"
"3027","盛達","92,525","692,936","7.39","7.55","7.39","7.54","+0.15","54"
"3028","增你強","123,010","2,253,735","18.35","18.35","18.25","18.35"," 0.00","70"
"3029","零壹","2,914,609","98,263,056","33.30","34.15","33.20","34.00","+0.60","1,688"
"3030","德律","279,840","14,052,447","50.10","50.60","50.00","50.30","+0.20","197"
"3031","佰鴻","570,465","8,581,431","15.30","15.30","14.90","14.90","-0.35","295"
"3032","偉訓","273,051","7,082,320","25.85","26.05","25.80","25.95","+0.10","99"
"3033","威健","356,349","5,209,167","14.60","14.70","14.50","14.70","+0.20","226"
"3034","聯詠","6,440,741","1,135,064,880","178.00","179.50","174.00","179.50","+1.50","4,389"
"3035","智原","2,276,298","97,506,444","43.00","43.35","42.20","42.95","+0.15","1,545"
"3036","文曄","2,062,977","77,838,624","37.60","37.90","37.55","37.75","+0.35","859"
"3037","欣興","45,808,301","1,794,585,004","39.00","39.55","38.50","39.45","+1.15","20,217"
"3038","全台","10,236,500","196,747,099","19.10","19.70","18.85","18.90","-0.10","3,880"
"3040","遠見","2,605,118","75,574,430","29.40","29.40","29.00","29.30","+0.20","68"
"3041","揚智","1,479,558","22,233,954","15.10","15.15","14.90","14.95"," 0.00","628"
"3042","晶技","17,793,462","1,160,143,390","63.60","66.50","63.60","64.60","+1.30","10,815"
"3043","科風","1,055,127","1,424,221","1.25","1.37","1.25","1.37","+0.12","69"
"3044","健鼎","1,462,907","151,225,186","104.50","104.50","102.50","104.50","+0.50","1,056"
"3045","台灣大","2,553,944","274,599,452","108.00","108.00","107.00","108.00"," 0.00","937"
"3046","建碁","14,294","139,388","10.00","10.00","9.70","9.90","+0.20","14"
"3047","訊舟","860,594","6,886,654","7.91","8.10","7.87","8.09","+0.19","298"
"3048","益登","583,100","9,564,139","16.60","16.60","16.30","16.45"," 0.00","291"
"3049","和鑫","5,645,378","58,449,849","10.40","10.50","10.20","10.20","-0.10","1,476"
"3050","鈺德","565,999","5,365,880","9.48","9.58","9.39","9.48","+0.12","221"
"3051","力特","46,687","143,081","3.09","3.09","3.02","3.05","-0.03","17"
"3052","夆典","576,201","6,191,500","10.75","10.80","10.60","10.75","+0.10","211"
"3054","立萬利","5,000","122,100","24.45","24.45","24.40","24.40","-0.20","5"
"3055","蔚華科","53,400","1,505,939","28.50","28.50","28.10","28.10","-0.35","48"
"3056","總太","1,535,377","47,824,158","31.05","31.35","30.90","31.30","+0.35","822"
"3057","喬鼎","330,261","1,498,431","4.62","4.62","4.48","4.50","-0.04","152"
"3058","立德","115,312","665,038","5.79","5.80","5.70","5.80","+0.10","50"
"3059","華晶科","599,525","11,432,375","19.20","19.20","18.80","19.00","+0.20","352"
"3060","銘異","6,358,225","83,350,842","12.90","13.60","12.70","12.75","+0.25","2,656"
"3062","建漢","7,480,054","110,581,248","14.50","15.15","14.30","14.80","+0.80","3,048"
"3090","日電貿","1,861,588","90,428,991","48.70","48.90","48.25","48.40"," 0.00","1,259"
"3094","聯傑","262,380","4,421,501","16.75","17.00","16.70","16.75"," 0.00","139"
"3130","一零四","5,100","770,850","150.50","152.00","150.50","152.00","+1.00","6"
"3149","正達","531,904","3,330,753","6.20","6.40","6.16","6.21","+0.05","202"
"3164","景岳","95,004","2,265,800","24.30","24.30","23.40","23.40","-0.70","72"
"3167","大量","29,000","1,159,250","39.70","40.10","39.70","40.00","+0.10","17"
"3189","景碩","4,500,685","226,199,300","50.50","50.80","49.70","50.00","-0.40","2,792"
"3209","全科","580,088","11,053,081","18.85","19.25","18.80","19.20","+0.35","264"
"3229","晟鈦","76,011","707,959","9.50","9.50","9.21","9.22","-0.21","42"
"3231","緯創","11,056,675","295,831,011","26.70","26.90","26.55","26.90","+0.40","4,746"
"3257","虹冠電","73,417","3,827,224","51.90","52.70","51.70","52.50","+0.90","50"
"3266","昇陽","499,326","6,622,452","13.40","13.80","13.05","13.20","+0.15","195"
"3296","勝德","14,000","184,450","13.25","13.25","13.00","13.20","+0.10","12"
"3305","昇貿","69,059","1,317,528","19.30","19.30","19.00","19.15","+0.05","51"
"3308","聯德","3,100","15,584","5.00","5.05","5.00","5.05"," 0.00","5"
"3311","閎暉","229,733","6,033,171","26.10","26.50","25.70","26.50","+0.15","157"
"3312","弘憶股","341,204","5,096,285","14.95","15.00","14.85","14.95"," 0.00","130"
"3321","同泰","300,797","2,579,632","8.65","8.65","8.38","8.60"," 0.00","110"
"3338","泰碩","30,950,056","3,027,934,244","92.50","99.90","92.40","99.20","+8.30","17,713"
"3346","麗清","193,287","4,828,475","25.55","25.55","24.80","24.90","-0.20","122"
"3356","奇偶","272,952","5,688,306","20.80","21.25","20.65","20.75","+0.10","175"
"3376","新日興","1,921,575","248,217,175","127.00","130.50","126.50","129.50","+3.50","1,272"
"3380","明泰","5,041,683","109,164,880","21.50","21.95","21.35","21.95","+0.80","2,328"
"3383","新世紀","66,587","309,197","4.73","4.85","4.61","4.68","-0.06","44"
"3406","玉晶光","6,723,796","3,030,695,292","450.00","457.50","444.00","448.50","-3.50","5,545"
"3413","京鼎","3,666,117","577,256,661","154.50","161.50","153.00","159.50","+6.50","2,893"
"3416","融程電","37,000","1,930,300","52.50","52.50","52.00","52.20"," 0.00","20"
"3419","譁裕","786,000","10,625,950","12.80","13.95","12.80","13.95","+1.10","466"
"3432","台端","108,000","1,087,350","10.20","10.20","10.00","10.05","-0.05","45"
"3437","榮創","1,772,360","28,801,597","16.25","16.50","16.05","16.40","+0.25","699"
"3443","創意","1,162,386","272,872,288","236.00","238.00","231.00","238.00","+2.50","932"
"3450","聯鈞","4,698,037","339,876,765","71.90","73.00","71.30","72.30","+0.90","3,006"
"3454","晶睿","282,276","19,806,145","69.80","71.00","69.60","70.10","+1.30","242"
"3481","群創","134,457,418","876,817,387","6.52","6.67","6.40","6.43"," 0.00","18,856"
"3494","誠研","74,173","261,184","3.55","3.55","3.51","3.52","+0.01","79"
"3501","維熹","91,000","3,999,450","43.95","44.45","43.65","44.00","+0.10","53"
"3504","揚明光","465,050","27,000,790","58.40","58.70","57.50","58.20"," 0.00","352"
"3515","華擎","3,338,447","404,218,140","123.00","123.50","120.00","120.00","-2.00","2,381"
"3518","柏騰","306,001","8,402,477","27.60","27.90","27.30","27.40","+0.10","160"
"3528","安馳","49,471","1,881,992","37.90","38.15","37.85","38.10","+0.10","36"
"3530","晶相光","1,740,985","156,291,850","90.00","90.60","88.30","89.90","+1.10","1,317"
"3532","台勝科","1,980,410","277,340,870","140.00","142.50","137.50","137.50","-1.50","1,638"
"3533","嘉澤","1,013,532","322,780,814","319.50","323.00","315.50","316.00","-0.50","891"
"3535","晶彩科","1,369,050","20,550,304","15.00","15.20","14.80","14.95","+0.15","593"
"3536","誠創","35,091","103,760","2.98","2.98","2.90","2.98","+0.04","11"
"3543","州巧","1,042,386","19,642,347","19.10","19.10","18.70","18.75","-0.30","546"
"3545","敦泰","25,650,629","830,637,924","33.25","34.30","30.30","31.45","-1.70","11,232"
"3550","聯穎","149,001","1,752,062","11.75","11.85","11.70","11.70"," 0.00","72"
"3557","嘉威","5,465,779","306,217,832","53.80","57.00","52.70","56.60","+4.70","2,830"
"3563","牧德","1,660,567","551,070,610","330.00","338.00","327.50","328.00","+1.50","1,414"
"3576","聯合再生","5,031,583","25,702,152","5.18","5.19","5.07","5.09","+0.01","1,109"
"3583","辛耘","250,127","11,672,156","47.35","47.35","46.30","46.75","-0.25","200"
"3588","通嘉","694,982","20,086,665","28.35","29.30","28.20","29.20","+1.05","452"
"3591","艾笛森","235,257","2,904,796","12.35","12.45","12.15","12.35"," 0.00","99"
"3593","力銘","31,004","218,255","7.05","7.05","7.01","7.01","-0.06","12"
"3596","智易","2,064,714","163,646,873","79.00","79.90","78.40","79.30","+0.30","1,469"
"3605","宏致","606,001","13,961,023","23.20","23.25","22.80","23.15","+0.40","311"
"3607","谷崧","1,237,510","15,921,974","13.30","13.35","12.65","12.65","-0.75","636"
"3617","碩天","171,000","13,803,300","80.00","81.40","80.00","81.00","+1.00","144"
"3622","洋華","407,150","7,841,564","18.95","19.45","18.90","19.20","+0.10","165"
"3645","達邁","307,980","10,769,495","35.00","35.15","34.50","35.15","+0.65","233"
"3653","健策","3,189,845","690,971,640","216.00","219.00","213.00","213.00","-1.00","2,555"
"3661","世芯-KY","7,910,203","2,066,173,904","256.00","272.50","250.50","269.00","+14.50","5,956"
"3665","貿聯-KY","1,354,162","245,595,065","183.00","183.00","180.00","181.50","+1.50","1,045"
"3669","圓展","3,521,135","119,888,184","34.50","35.00","33.70","33.85","-0.80","2,264"
"3673","TPK-KY","3,846,367","164,140,146","43.00","43.40","42.20","42.45","-0.30","2,332"
"3679","新至陞","78,000","4,572,200","58.80","59.30","58.20","59.10","+0.50","48"
"3682","亞太電","4,140,331","28,387,237","6.90","6.94","6.80","6.81","-0.01","1,205"
"3686","達能","1,908,355","7,612,110","3.90","4.14","3.77","4.14","+0.37","526"
"3694","海華","97,020","1,363,594","14.20","14.20","13.95","14.10","+0.10","60"
"3698","隆達","6,990,222","123,491,505","18.10","18.10","17.40","17.65","-0.45","2,902"
"3701","大眾控","7,498","98,969","13.20","13.20","13.20","13.20","-0.25","10"
"3702","大聯大","1,786,420","68,095,156","37.95","38.20","37.90","38.10","+0.20","758"
"3702A","大聯大甲特","208,548","10,188,047","48.25","49.05","48.20","48.95","+0.85","113"
"3703","欣陸","846,916","8,887,725","10.30","10.55","10.30","10.50","+0.15","214"
"3704","合勤控","2,164,856","31,004,674","14.35","14.50","14.05","14.45","+0.30","1,006"
"3705","永信","299,251","13,462,419","45.35","45.35","44.85","44.95","-0.15","218"
"3706","神達","5,517,150","167,467,885","30.45","30.60","30.10","30.35","+0.10","2,681"
"3708","上緯投控","1,053,085","71,976,450","67.80","69.40","67.00","69.00","+1.40","656"
"3711","日月光投控","5,950,472","385,193,158","65.30","65.50","64.20","64.80","-0.50","2,573"
"3712","永崴投控","493,706","6,228,903","12.50","12.80","12.40","12.65","+0.25","219"
"4104","佳醫","244,037","13,055,072","53.70","53.80","53.30","53.40"," 0.00","205"
"4106","雃博","1,498,258","37,625,446","26.00","26.00","24.45","24.60","-1.15","849"
"4108","懷特","1,090,541","20,024,942","18.00","19.40","17.40","19.40","+1.75","519"
"4119","旭富","2,475,139","328,595,987","134.50","135.50","131.00","131.50","-2.00","1,772"
"4133","亞諾法","6,757,092","291,912,510","44.55","45.25","41.75","41.75","-3.65","4,521"
"4137","麗豐-KY","407,760","78,390,298","192.00","194.50","189.50","192.50","+2.50","378"
"4141","龍燈-KY","273,240","3,901,793","14.40","14.45","14.00","14.25","+0.05","137"
"4142","國光生","18,572,158","551,313,069","30.60","30.80","29.00","29.25","-1.35","8,470"
"4144","康聯-KY","245,050","4,951,837","20.50","20.50","20.00","20.25","+0.20","135"
"4148","全宇生技-KY","72,005","2,160,150","30.00","30.00","30.00","30.00","+2.70","43"
"4155","訊映","760,321","21,525,402","28.30","28.75","28.00","28.20","+0.30","520"
"4164","承業醫","119,000","4,252,700","35.90","36.10","35.50","35.70","-0.20","73"
"4190","佐登-KY","208,005","16,380,630","79.00","79.30","78.00","79.00","+0.70","184"
"4306","炎洲","2,398,375","26,189,449","10.90","11.05","10.75","10.95","+0.35","773"
"4414","如興","2,462,248","21,801,646","8.79","8.91","8.79","8.81","+0.02","499"
"4426","利勤","769,384","24,594,794","32.35","32.70","31.40","31.95","+0.05","475"
"4438","廣越","56,042","6,638,540","119.00","119.00","117.50","119.00","+2.00","51"
"4439","冠星-KY","71,000","8,825,000","125.00","125.50","123.00","123.00"," 0.00","68"
"4526","東台","268,230","3,376,089","12.65","12.80","12.50","12.55","+0.10","145"
"4532","瑞智","919,769","14,732,345","16.10","16.20","15.90","16.10","+0.20","608"
"4536","拓凱","2,697,324","289,562,668","101.50","110.00","101.50","106.50","+6.50","1,466"
"4540","全球傳動","1,852,150","99,237,584","53.10","54.90","52.80","53.00","-0.70","1,315"
"4545","銘鈺","114,000","2,968,350","26.45","26.45","25.75","26.00","-0.40","80"
"4551","智伸科","1,010,000","139,793,000","140.50","140.50","137.00","137.00","-1.00","823"
"4552","力達-KY","90,770","2,801,616","30.75","31.00","30.70","30.80","+0.10","87"
"4555","氣立","1,594,013","93,667,154","58.30","60.30","57.60","57.80","+0.80","1,246"
"4557","永新-KY","25,000","1,636,200","65.80","65.80","65.30","65.40","+0.40","19"
"4560","強信-KY","263,000","12,717,450","49.00","49.00","48.00","48.50","-0.20","197"
"4562","穎漢","32,120","549,414","17.25","17.25","16.95","17.20","+0.10","26"
"4564","元翎","557,100","16,978,055","30.90","30.90","30.30","30.55","+0.10","328"
"4566","時碩工業","165,200","6,101,630","37.30","37.30","36.60","37.00","+0.20","107"
"4571","鈞興-KY","13,000","726,000","56.00","56.00","55.60","56.00","+0.30","11"
"4572","駐龍","56,200","4,661,520","83.00","84.00","82.00","83.90","+1.90","51"
"4576","大銀微系統","166,100","11,757,520","72.10","72.10","70.00","70.50","-0.50","156"
"4581","光隆精密-KY","37,000","1,443,600","39.05","39.25","38.65","39.25","+0.20","31"
"4720","德淵","2,828,810","41,075,171","14.40","14.60","14.00","14.60","+1.30","918"
"4722","國精化","143,200","3,675,369","25.60","25.80","25.55","25.75","+0.20","84"
"4725","信昌化","666,060","5,596,694","8.40","8.58","8.31","8.46","+0.10","238"
"4737","華廣","29,300","1,980,450","67.30","69.00","67.20","67.50","-0.50","30"
"4739","康普","1,750,518","102,306,380","57.60","60.00","56.00","60.00","+5.40","1,199"
"4746","台耀","8,453,865","405,066,254","49.10","49.20","46.55","47.25","-1.15","4,989"
"4755","三福化","21,000","920,900","44.10","44.10","43.70","43.95","-0.15","20"
"4763","材料-KY","197,392","21,343,639","107.50","109.00","107.00","108.50","+1.50","161"
"4764","雙鍵","7,000","409,000","58.10","59.00","58.00","59.00","+0.50","7"
"4766","南寶","322,058","40,549,837","124.50","127.50","124.50","126.50","+3.00","216"
"4807","日成-KY","19,001","441,073","23.50","23.60","22.95","23.25","+0.05","15"
"4904","遠傳","3,351,633","221,590,497","66.30","66.60","65.60","65.80","-0.40","1,830"
"4906","正文","2,796,356","57,481,329","20.55","20.65","20.40","20.65","+0.25","1,107"
"4912","聯德控股-KY","80,393","6,343,310","78.30","79.50","78.20","78.80","+0.60","82"
"4915","致伸","1,388,351","66,305,818","47.70","48.00","47.40","47.80","+0.40","853"
"4916","事欣科","302,101","8,085,802","26.95","26.95","26.65","26.70","+0.10","201"
"4919","新唐","1,279,358","47,318,656","37.45","37.50","36.65","36.85","-0.10","810"
"4927","泰鼎-KY","13,848,542","779,966,341","55.10","57.20","54.70","57.20","+3.20","7,511"
"4930","燦星網","51,500","482,968","9.20","9.50","9.20","9.27","+0.01","40"
"4934","太極","6,935,884","104,582,900","14.25","15.55","14.10","15.55","+1.40","2,370"
"4935","茂林-KY","6,309,745","809,196,720","127.00","132.00","124.50","130.00","+6.00","4,575"
"4938","和碩","6,496,440","427,069,092","65.50","65.90","65.40","65.90","+0.50","2,897"
"4942","嘉彰","533,800","17,306,699","32.40","32.65","32.15","32.45","+0.35","309"
"4943","康控-KY","4,324,610","501,009,760","113.50","118.00","112.00","116.50","+4.00","3,184"
"4952","凌通","549,500","16,185,749","30.00","30.05","29.10","29.50","-0.50","348"
"4956","光鋐","2,306,375","36,786,680","15.95","15.95","15.95","15.95","+1.45","650"
"4958","臻鼎-KY","6,301,776","632,718,762","101.00","101.50","99.50","101.00","-1.00","4,009"
"4960","誠美材","3,691,810","26,432,519","6.90","7.35","6.85","7.30","+0.47","962"
"4961","天鈺","527,000","14,527,400","28.00","28.10","27.35","27.50","-0.30","280"
"4967","十銓","7,968,400","335,451,629","42.80","42.90","41.55","41.60","-0.70","4,213"
"4968","立積","7,627,412","1,346,321,012","175.00","179.50","173.50","176.00","+1.00","5,721"
"4976","佳凌","230,000","4,144,250","18.10","18.25","17.85","18.05","+0.15","152"
"4977","眾達-KY","5,129,730","540,576,380","103.00","107.50","102.50","105.00","+3.50","3,358"
"4989","榮科","229,034","4,044,956","17.85","17.85","17.40","17.50","-0.10","138"
"4994","傳奇","223,867","13,442,222","60.50","60.60","59.20","59.80","-0.30","204"
"4999","鑫禾","145,111","5,479,126","37.50","38.30","37.20","38.10","+0.80","113"
"5007","三星","16,000","730,300","45.70","46.00","45.55","45.95","+0.40","11"
"5203","訊連","1,690,468","202,242,436","122.00","123.00","117.50","118.50","-2.00","1,415"
"5215","科嘉-KY","1,365,000","96,012,200","70.90","71.30","69.30","69.80","-0.20","935"
"5225","東科-KY","506,000","12,948,900","25.40","25.95","25.25","25.85","+0.55","281"
"5234","達興材料","295,404","24,543,836","82.90","83.60","82.40","83.60","+1.20","260"
"5243","乙盛-KY","478,250","13,820,385","28.70","29.15","28.35","29.15","+0.80","296"
"5258","虹堡","232,000","5,397,650","23.30","23.50","23.10","23.20","-0.10","108"
"5264","鎧勝-KY","1,263,364","57,953,094","46.40","46.50","45.30","46.00","-0.20","894"
"5269","祥碩","1,980,732","1,633,377,880","806.00","864.00","792.00","831.00","+32.00","1,843"
"5283","禾聯碩","98,355","9,376,337","95.70","96.00","94.10","95.60","+0.40","84"
"5284","jpp-KY","87,449","2,844,987","32.60","32.90","32.35","32.65","+0.05","60"
"5285","界霖","147,050","6,297,485","43.30","43.30","42.35","42.95","+0.25","111"
"5288","豐祥-KY","256,250","23,998,175","93.00","94.70","93.00","94.00","+2.00","213"
"5305","敦南","218,766","9,028,567","41.35","41.35","41.20","41.25","-0.10","131"
"5388","中磊","1,294,952","95,804,335","73.60","74.70","73.40","74.20","+1.10","830"
"5434","崇越","647,926","63,984,932","99.00","99.40","97.70","99.40","+0.90","558"
"5469","瀚宇博","7,905,067","308,848,295","39.70","39.85","38.65","38.65","-0.70","3,682"
"5471","松翰","6,146,383","278,560,816","46.15","46.20","44.80","44.85","-1.00","3,773"
"5484","慧友","719,457","6,267,516","8.48","8.78","8.30","8.78","+0.22","50"
"5515","建國","253,602","2,534,310","10.00","10.05","9.95","10.00","-0.05","71"
"5519","隆大","1,558,482","21,515,900","13.95","13.95","13.65","13.75","+0.10","432"
"5521","工信","2,962,651","26,699,052","9.27","9.27","8.86","8.93","-0.05","781"
"5522","遠雄","867,960","37,369,532","43.20","43.50","42.80","42.85","-0.10","530"
"5525","順天","42,114","827,233","19.75","19.75","19.60","19.65","-0.10","38"
"5531","鄉林","197,236","1,777,133","9.02","9.12","8.92","8.96","-0.05","97"
"5533","皇鼎","84,451","1,296,199","15.35","15.35","15.30","15.35","+0.05","12"
"5534","長虹","342,394","27,503,532","80.20","80.60","80.00","80.60","+0.80","280"
"5538","東明-KY","0","0","0.00","0.00","0.00","0.00"," 0.00","0"
"5607","遠雄港","714,203","15,399,102","21.45","21.80","21.40","21.45"," 0.00","230"
"5608","四維航","785,713","4,183,775","5.26","5.42","5.20","5.38","+0.14","314"
"5706","鳳凰","162,618","4,860,918","29.30","30.20","29.30","30.05","+0.75","104"
"5871","中租-KY","4,663,344","477,609,595","102.00","103.50","101.00","103.00","+2.00","2,820"
"5876","上海商銀","4,785,237","202,875,369","42.45","42.80","41.70","42.80","+0.70","1,914"
"5880","合庫金","13,268,030","261,672,189","19.65","19.80","19.60","19.80","+0.30","3,306"
"5906","台南-KY","11,000","185,700","16.75","17.00","16.70","17.00"," 0.00","10"
"5907","大洋-KY","205,000","4,312,450","21.05","21.15","20.90","20.95","-0.15","99"
"6005","群益證","1,371,493","12,971,497","9.47","9.48","9.41","9.46","+0.01","480"
"6024","群益期","307,930","11,676,590","37.90","38.05","37.70","37.90","+0.30","222"
"6108","競國","242,097","5,237,287","21.80","21.95","21.50","21.60","+0.05","124"
"6112","聚碩","654,945","23,176,796","35.45","35.50","35.25","35.50","+0.15","317"
"6115","鎰勝","63,509","2,693,254","42.30","42.50","42.30","42.45","+0.15","53"
"6116","彩晶","17,722,511","110,872,868","6.28","6.35","6.20","6.20","-0.04","3,051"
"6117","迎廣","131,050","2,038,717","14.60","16.10","14.60","15.35","+0.70","69"
"6120","達運","3,519,251","41,741,322","11.75","12.10","11.45","11.85","+0.40","1,292"
"6128","上福","60,000","1,707,000","28.30","28.70","28.30","28.60","+0.35","38"
"6131","鈞泰","117,000","344,800","2.90","3.00","2.90","3.00","+0.15","16"
"6133","金橋","37,000","252,190","6.82","6.82","6.79","6.79","-0.03","16"
"6136","富爾特","79,441","1,451,908","18.30","18.30","18.20","18.30"," 0.00","53"
"6139","亞翔","432,041","10,912,641","25.30","25.45","25.15","25.20","-0.05","245"
"6141","柏承","1,301,697","23,607,946","18.30","18.30","18.00","18.00","-0.15","546"
"6142","友勁","130,794","842,172","6.40","6.57","6.40","6.48"," 0.00","59"
"6152","百一","1,075,224","6,987,238","6.24","6.73","6.15","6.62","+0.49","424"
"6153","嘉聯益","4,098,327","113,699,935","28.05","28.10","27.50","27.55","-0.15","2,017"
"6155","鈞寶","1,254,048","28,099,344","22.00","22.90","21.65","22.70","+0.85","771"
"6164","華興","89,654","485,713","5.42","5.46","5.38","5.42","+0.01","39"
"6165","捷泰","391,458","9,243,655","23.40","23.90","23.40","23.75","+0.30","172"
"6166","凌華","246,100","15,995,460","65.80","65.80","64.70","65.00"," 0.00","140"
"6168","宏齊","310,001","3,658,011","11.95","12.00","11.70","11.80","-0.10","129"
"6172","互億","98,660","2,223,186","22.80","22.85","22.30","22.30","-0.50","74"
"6176","瑞儀","7,883,503","770,015,194","98.50","99.00","96.80","97.50","-0.50","5,011"
"6177","達麗","677,704","19,220,192","28.20","28.50","28.20","28.40","+0.30","307"
"6183","關貿","118,715","4,994,504","42.40","42.40","41.85","41.90","-0.45","103"
"6184","大豐電","124,261","5,107,526","41.10","41.15","41.00","41.05","-0.05","65"
"6189","豐藝","295,104","9,601,304","32.60","32.60","32.45","32.60","+0.05","172"
"6191","精成科","3,383,426","47,117,717","14.15","14.15","13.80","13.85","-0.35","1,123"
"6192","巨路","118,020","7,468,143","63.70","63.70","62.90","63.20","+0.50","97"
"6196","帆宣","2,320,026","166,256,061","72.90","73.00","70.60","71.30","+0.40","1,789"
"6197","佳必琪","929,472","28,126,065","30.00","30.50","30.00","30.50","+0.70","561"
"6201","亞弘電","18,300","594,914","32.30","32.65","32.30","32.55","-0.10","18"
"6202","盛群","4,260,360","285,407,120","68.40","68.40","66.30","66.60","-3.40","3,142"
"6205","詮欣","52,272","1,151,262","22.15","22.15","22.00","22.10","-0.05","22"
"6206","飛捷","114,440","7,662,380","67.30","67.40","66.70","67.00"," 0.00","90"
"6209","今國光","768,492","16,857,850","22.10","22.45","21.60","21.75","-0.20","372"
"6213","聯茂","6,975,142","995,739,499","140.50","145.00","140.00","145.00","+5.00","4,855"
"6214","精誠","546,243","44,143,778","81.10","81.60","80.20","80.60","-0.30","438"
"6215","和椿","320,447","4,321,873","13.35","13.65","13.25","13.60","+0.40","158"
"6216","居易","62,701","1,707,301","27.35","27.35","27.15","27.25","-0.10","50"
"6224","聚鼎","252,240","15,268,964","60.90","60.90","60.30","60.50","-0.20","192"
"6225","天瀚","10,227","28,817","2.53","2.90","2.53","2.80","+0.04","10"
"6226","光鼎","2,126,904","17,455,481","8.23","8.33","8.12","8.24","-0.02","697"
"6230","超眾","4,360,373","1,115,128,560","250.00","262.50","249.50","249.50","+2.50","3,663"
"6235","華孚","233,501","2,535,634","11.00","11.05","10.80","10.80","-0.10","119"
"6239","力成","7,467,964","727,922,482","99.20","99.50","96.50","97.20","-2.40","5,455"
"6243","迅杰","157,657","1,294,492","8.06","8.50","7.91","8.29","+0.29","83"
"6251","定穎","29,285,643","583,760,818","19.85","20.50","19.30","19.35","-0.50","9,453"
"6257","矽格","4,004,820","143,506,354","36.10","36.15","35.50","35.75","+0.10","2,084"
"6269","台郡","9,512,739","1,044,936,393","109.50","112.00","107.00","112.00","+1.50","5,070"
"6271","同欣電","3,880,458","451,483,502","116.50","117.50","114.00","117.50","+2.00","2,381"
"6277","宏正","531,918","48,491,042","91.00","91.80","90.40","91.20","+1.20","403"
"6278","台表科","9,991,955","902,971,832","91.00","91.80","89.20","90.00","-2.00","6,870"
"6281","全國電","22,282","1,483,819","66.90","66.90","66.30","66.80","+0.30","23"
"6282","康舒","1,692,003","34,309,960","20.25","20.35","20.15","20.30","+0.10","697"
"6283","淳安","199,001","3,757,369","19.15","19.20","18.65","19.00"," 0.00","109"
"6285","啟碁","1,674,686","101,765,123","60.30","61.50","59.80","61.50","+1.50","1,257"
"6288","聯嘉","3,356,100","63,218,765","18.85","19.10","18.50","19.10","+0.35","1,376"
"6289","華上","4,941","9,692","1.98","1.98","1.90","1.90","-0.10","20"
"6405","悅城","34,000","461,450","13.70","13.70","13.50","13.50","-0.10","15"
"6409","旭隼","128,784","92,134,560","709.00","724.00","700.00","719.00","+10.00","143"
"6412","群電","592,330","33,508,378","56.40","57.00","56.00","56.80","+1.00","442"
"6414","樺漢","1,305,612","243,357,780","184.50","190.00","181.50","189.00","+6.50","1,107"
"6415","矽力-KY","684,631","854,971,370","1,230.00","1,285.00","1,195.00","1,275.00","+65.00","676"
"6416","瑞祺電通","10,481,752","1,419,790,776","130.00","139.50","130.00","135.00","+5.00","7,650"
"6431","光麗-KY","39,001","889,972","22.80","23.45","22.70","22.70","-0.25","14"
"6442","光聖","4,250","148,573","34.55","35.30","34.55","35.30"," 0.00","14"
"6443","元晶","996,293","5,535,992","5.60","5.66","5.48","5.51","+0.01","267"
"6449","鈺邦","151,528","4,543,950","30.20","30.25","29.60","29.70","-0.30","112"
"6451","訊芯-KY","2,914,630","325,929,134","112.00","113.00","110.00","112.50","+3.00","2,023"
"6452","康友-KY","966,529","152,556,302","160.00","160.00","156.50","157.50","+0.50","746"
"6456","GIS-KY","2,023,465","186,240,561","93.00","93.20","91.10","91.90","-1.00","1,605"
"6464","台數科","11,000","1,247,000","114.00","114.00","112.50","112.50","-1.50","10"
"6477","安集","131,000","2,527,250","19.30","19.40","19.20","19.30"," 0.00","57"
"6491","晶碩","195,111","22,835,098","117.00","119.00","116.00","116.50","+0.50","146"
"6504","南六","6,281,068","1,408,509,732","225.00","230.00","217.00","224.00","+6.00","4,799"
"6505","台塑化","3,044,441","248,176,275","82.00","82.10","81.20","81.30","-0.60","1,969"
"6525","捷敏-KY","183,630","10,207,964","55.40","55.90","55.30","55.80","+0.60","138"
"6531","愛普","17,306,898","2,875,337,403","167.00","172.50","159.00","167.50","+8.00","12,609"
"6533","晶心科","201,421","19,200,705","95.40","96.00","94.20","95.40","+0.70","185"
"6541","泰福-KY","736,115","27,858,207","39.00","39.00","37.10","37.75","-0.45","527"
"6552","易華電","1,111,456","61,675,397","56.30","56.30","54.70","55.30","-0.80","835"
"6558","興能高","1,933,219","85,516,988","45.10","45.15","43.75","44.00","-1.35","1,340"
"6573","虹揚-KY","53,000","965,400","18.20","18.30","17.90","18.10","-0.10","30"
"6579","研揚","30,000","1,894,600","63.20","63.40","63.00","63.00","-0.20","25"
"6581","鋼聯","170,262","9,188,091","52.20","56.50","52.00","55.40","+3.00","162"
"6582","申豐","843,200","76,787,758","90.80","93.00","88.30","92.10","+2.60","677"
"6591","動力-KY","470,405","19,707,512","42.00","42.30","41.40","41.90","+0.55","348"
"6592","和潤企業","4,501,717","355,677,243","77.50","80.80","77.30","79.30","+3.00","3,025"
"6605","帝寶","162,105","7,285,626","45.25","45.25","44.65","44.80","+0.40","131"
"6625","必應","31,215","1,171,062","37.50","37.55","37.50","37.50"," 0.00","18"
"6641","基士德-KY","15,010","992,769","65.90","66.50","65.90","66.30","+0.40","15"
"6655","科定","35,000","1,449,500","41.75","41.80","41.30","41.40","-0.40","17"
"6666","羅麗芬-KY","156,299","17,843,885","109.00","118.00","109.00","115.00","+6.50","150"
"6668","中揚光","603,000","36,614,100","60.80","61.70","60.30","60.50","+0.60","459"
"6669","緯穎","1,849,049","1,297,019,442","690.00","717.00","687.00","714.00","+31.00","1,721"
"6670","復盛應用","784,563","122,164,454","155.00","157.00","153.50","157.00","+3.00","573"
"6671","三能-KY","24,000","868,700","36.05","36.30","36.05","36.25","+0.20","17"
"6672","騰輝電子-KY","766,613","65,502,188","85.90","86.30","84.70","85.30","-0.30","597"
"6674","鋐寶科技","39,000","885,450","22.55","22.95","22.55","22.85","+0.30","34"
"6698","旭暉應材","194,000","9,391,800","48.40","49.20","48.00","48.70","+0.30","165"
"6706","惠特","2,203,631","203,736,910","94.00","94.10","91.00","92.00","-3.00","1,644"
"6715","嘉基","128,010","11,644,650","91.00","91.50","90.40","91.00","+0.50","94"
"8011","台通","2,467,090","35,172,062","13.75","14.60","13.50","14.60","+1.30","1,128"
"8016","矽創","1,212,320","165,452,981","138.00","138.00","135.50","136.50","+0.50","932"
"8021","尖點","1,749,232","33,556,998","19.10","19.40","18.95","19.40","+0.15","554"
"8028","昇陽半導體","2,805,699","143,305,177","50.90","51.70","50.40","50.70","+0.50","1,595"
"8033","雷虎","91,007","691,719","7.79","7.79","7.50","7.63","+0.04","66"
"8039","台虹","1,415,701","65,178,755","46.20","46.70","45.55","45.90","-0.15","1,055"
"8046","南電","21,567,723","1,504,260,868","69.10","71.00","68.00","70.50","+2.90","12,289"
"8070","長華","103,065","16,009,770","153.50","157.00","153.50","157.00","+3.50","96"
"8072","陞泰","54,280","1,090,140","20.10","20.15","20.05","20.05","-0.05","32"
"8081","致新","1,542,973","195,681,071","127.50","128.00","125.00","127.00"," 0.00","1,108"
"8101","華冠","384,737","1,718,064","4.50","4.53","4.41","4.49","-0.04","143"
"8103","瀚荃","30,062","681,796","22.85","22.85","22.50","22.60","+0.10","30"
"8104","錸寶","559,279","19,094,734","34.55","34.95","33.75","33.80","-0.70","363"
"8105","凌巨","615,001","5,735,059","9.31","9.38","9.27","9.35","+0.08","244"
"8110","華東","9,003,503","91,948,275","10.25","10.40","10.00","10.30","+0.33","2,653"
"8112","至上","16,266,072","547,278,436","32.85","34.15","32.85","34.10","+1.80","8,125"
"8114","振樺電","115,088","10,189,120","88.70","89.80","86.90","89.80","+2.00","104"
"8131","福懋科","447,050","16,526,750","37.30","37.30","36.70","36.90","-0.10","256"
"8150","南茂","5,306,264","159,846,087","30.45","30.55","29.90","30.10","-0.25","2,788"
"8163","達方","3,766,586","139,435,182","36.70","37.95","36.20","36.90","+0.75","2,306"
"8201","無敵","13,510","111,192","8.26","8.26","8.20","8.23","+0.04","9"
"8210","勤誠","4,260,013","385,100,383","87.00","93.30","87.00","91.00","+4.70","3,290"
"8213","志超","2,952,379","96,970,472","32.95","33.10","32.50","32.95","+0.05","1,380"
"8215","明基材","1,703,122","28,937,388","16.95","17.15","16.85","17.10","+0.20","743"
"8222","寶一","88,185","1,180,483","13.40","13.45","13.35","13.35","-0.05","76"
"8249","菱光","91,259","1,646,421","18.00","18.15","17.95","18.05","+0.15","63"
"8261","富鼎","169,248","3,788,879","22.50","22.65","22.15","22.30"," 0.00","119"
"8271","宇瞻","3,633,962","171,935,614","47.10","48.00","46.60","47.15","+0.55","2,260"
"8341","日友","135,144","34,147,576","254.00","255.00","251.50","252.50","-1.50","146"
"8367","建新國際","140,024","3,433,896","24.20","24.90","23.90","24.70","+0.95","81"
"8374","羅昇","222,004","4,454,028","20.05","20.60","19.80","20.05","+0.15","82"
"8404","百和興業-KY","346,601","10,094,320","29.10","29.40","28.90","29.15","+0.05","240"
"8411","福貞-KY","27,133","287,420","10.60","10.65","10.50","10.55"," 0.00","23"
"8422","可寧衛","353,829","54,118,747","151.50","154.50","151.00","153.00","+2.00","302"
"8427","基勝-KY","0","0","0.00","0.00","0.00","0.00"," 0.00","0"
"8429","金麗-KY","609,785","4,361,107","7.11","7.21","7.08","7.21","+0.16","200"
"8442","威宏-KY","34,000","1,456,500","42.30","43.75","42.30","42.80","-0.70","29"
"8443","阿瘦","20,001","166,708","8.30","8.40","8.30","8.40","+0.08","15"
"8454","富邦媒","163,113","76,480,723","479.00","479.00","464.00","472.00","-2.50","188"
"8462","柏文","864,114","131,524,170","148.00","158.50","146.00","154.00","+9.50","777"
"8463","潤泰材","99,000","3,361,800","33.70","34.65","33.60","34.00","+0.10","82"
"8464","億豐","1,700,239","371,926,513","217.50","226.00","213.50","220.50","+3.00","835"
"8466","美吉吉-KY","9,000","572,700","63.00","64.50","62.60","64.50","+1.00","9"
"8467","波力-KY","1,000","46,400","46.40","46.40","46.40","46.40","+1.10","1"
"8473","山林水","32,047","1,340,926","41.55","42.10","41.55","41.90","+0.35","27"
"8478","東哥遊艇","51,000","1,564,900","31.00","31.00","30.45","30.50","-0.20","41"
"8480","泰昇-KY","17,022","2,216,893","130.50","131.00","129.50","131.00","+2.50","14"
"8481","政伸","3,206","168,653","52.70","52.70","52.50","52.70","+0.30","5"
"8482","商億-KY","96,000","9,845,000","102.00","104.00","101.00","102.00","+1.50","89"
"8488","吉源-KY","13,000","179,550","13.75","13.95","13.70","13.85"," 0.00","7"
"8497","格威傳媒","3,000","202,200","67.40","67.40","67.40","67.40","+0.10","3"
"8499","鼎炫-KY","169,012","15,256,809","88.90","91.60","88.90","90.30","+2.00","151"
"8926","台汽電","1,152,209","37,508,332","32.50","32.70","32.40","32.50","+0.15","548"
"8940","新天地","118,227","1,021,079","8.60","8.70","8.56","8.65","+0.09","42"
"8996","高力","3,174,262","204,497,068","65.60","66.00","63.30","63.40","-0.90","2,124"
"9103","美德醫療-DR","1,276,000","4,659,330","3.80","3.80","3.56","3.61","-0.15","196"
"910322","康師傅-DR","4,000","109,400","27.30","27.60","27.15","27.15","-0.30","4"
"910482","聖馬丁-DR","993,127","269,159","0.27","0.28","0.26","0.28","+0.02","27"
"9105","泰金寶-DR","3,463,298","9,134,422","2.67","2.68","2.61","2.61","-0.03","433"
"910861","神州-DR","34,000","275,300","8.11","8.11","8.00","8.00","+0.20","7"
"9110","越南控-DR","47,000","65,520","1.39","1.40","1.39","1.40"," 0.00","9"
"911608","明輝-DR","50,000","59,150","1.15","1.20","1.12","1.17","+0.01","15"
"911616","杜康-DR","80,000","69,300","0.87","0.88","0.86","0.86"," 0.00","36"
"911622","泰聚亨-DR","0","0","0.00","0.00","0.00","0.00"," 0.00","0"
"911868","同方友友-DR","40,000","37,670","0.99","0.99","0.93","0.99"," 0.00","12"
"912000","晨訊科-DR","34,000","60,640","1.79","1.79","1.78","1.78"," 0.00","5"
"912398","友佳-DR","51,000","135,280","2.67","2.84","2.64","2.84","+0.15","4"
"9136","巨騰-DR","327,000","2,626,240","8.20","8.20","7.91","8.09","+0.09","77"
"9188","精熙-DR","123,000","298,340","2.41","2.45","2.40","2.41","-0.01","28"
"9802","鈺齊-KY","5,473,406","506,795,183","91.20","94.40","90.50","93.80","+4.20","3,616"
"9902","台火","167,089","1,426,201","8.60","8.60","8.50","8.59","+0.05","83"
"9904","寶成","12,157,976","333,941,962","27.80","27.85","27.20","27.20","-0.60","5,395"
"9905","大華","63,000","1,288,650","20.35","20.60","20.35","20.60","+0.25","32"
"9906","欣巴巴","140,676","2,971,084","20.30","21.25","20.00","21.20","+0.90","58"
"9907","統一實","2,349,429","20,758,116","8.71","8.94","8.63","8.87","+0.28","797"
"9908","大台北","140,209","4,193,261","30.00","30.00","29.75","30.00"," 0.00","104"
"9910","豐泰","2,804,169","445,228,871","155.00","164.00","154.00","159.00","+5.00","1,974"
"9911","櫻花","256,060","11,737,610","45.60","46.10","45.60","46.10","+0.55","186"
"9912","偉聯","37,352","231,931","6.30","6.30","6.15","6.25","-0.05","28"
"9914","美利達","3,320,930","515,081,340","153.50","160.00","152.00","157.00","+8.50","2,528"
"9917","中保科","58,065","5,076,602","88.00","88.00","87.10","87.50","-0.50","65"
"9918","欣天然","7,001","232,133","33.00","33.25","33.00","33.25","+0.25","7"
"9919","康那香","73,069,805","1,831,402,983","25.00","25.40","24.20","25.40","+2.30","25,440"
"9921","巨大","4,689,792","769,483,254","163.00","172.00","158.00","165.50","+8.50","3,208"
"9924","福興","97,000","3,742,850","38.55","38.80","38.50","38.75","+0.30","75"
"9925","新保","170,031","6,105,759","36.05","36.05","35.70","36.00","+0.05","113"
"9926","新海","5,960","242,553","41.10","41.10","41.05","41.05","+0.05","8"
"9927","泰銘","58,754","1,777,117","30.25","30.35","30.20","30.35","+0.15","47"
"9928","中視","3,299","11,124","3.40","3.40","3.38","3.38","+0.16","7"
"9929","秋雨","27,938","301,731","10.70","10.95","10.65","10.95","+0.10","21"
"9930","中聯資源","113,521","4,917,707","43.90","44.15","43.15","43.25","-0.20","102"
"9931","欣高","10,161","389,839","38.50","38.50","38.15","38.45"," 0.00","12"
"9933","中鼎","2,266,163","70,330,583","31.40","31.45","30.85","31.00"," 0.00","1,765"
"9934","成霖","431,416","5,397,968","12.50","12.55","12.45","12.50"," 0.00","159"
"9935","慶豐富","1,197,005","28,681,665","24.35","24.50","23.70","23.70","-0.35","590"
"9937","全國","6,375","276,262","43.35","43.35","43.35","43.35"," 0.00","6"
"9938","百和","4,117,023","266,279,392","63.20","65.80","63.10","65.00","+2.20","2,595"
"9939","宏全","1,254,820","64,270,929","50.80","51.50","50.80","51.30","+0.70","689"
"9940","信義","276,956","6,926,635","24.90","25.20","24.70","25.20","+0.50","194"
"9941","裕融","539,724","51,621,260","95.00","96.70","94.60","96.20","+1.80","428"
"9941A","裕融甲特","16,145","848,211","52.40","52.70","52.30","52.70","+0.20","20"
"9942","茂順","43,500","2,832,800","65.00","65.30","65.00","65.30","+1.10","41"
"9943","好樂迪","498,486","30,111,140","60.90","60.90","59.80","60.90"," 0.00","367"
"9944","新麗","9,548,880","203,105,488","21.00","22.05","20.25","20.50","+0.40","4,591"
"9945","潤泰新","6,044,024","263,109,676","43.00","43.95","42.90","43.95","+1.20","3,133"
"9946","三發地產","618,578","10,026,003","16.00","16.60","15.60","16.50","-0.05","229"
"9955","佳龍","245,177","3,825,510","15.80","15.85","15.45","15.70"," 0.00","124"
"9958","世紀鋼","4,199,043","342,590,843","80.50","82.50","80.10","82.50","+2.50","2,788"
